Name,Age,Party,Q4_1,Q4_2,Q4_3,Q4_4,Q4_5,Q4_6,Q4_7,Q4_8,Q4_9,Q4_10,Q4_11,Q4_12,Q5_1,Q5_2,Q5_3,Q5_4,Q5_5,Q5_6,Q5_7,Q6_1,Q6_2,Q6_3,Q6_4,Q6_5,Q7,Q8_1,Q8_2,Q8_3,Q8_4,Q9_1,Q9_2,Q9_3,Q9_4,Q9_5
森山佳則,52,11,1.0,1.0,1.0,3.0,1.0,1.0,2.0,2.0,3.0,3.0,5.0,3.0,1.0,1.0,2.0,5.0,1.0,1.0,3.0,5.0,3.0,3.0,1.0,1.0,1.0,1.0,5.0,5.0,1.0,3.0,2.0,4.0,4.0,4.0
高橋はるみ,65,1,2.0,3.0,2.0,4.0,2.0,2.0,3.0,2.0,2.0,2.0,3.0,4.0,1.0,3.0,4.0,5.0,4.0,2.0,5.0,3.0,4.0,3.0,4.0,3.0,1.0,3.0,3.0,3.0,3.0,1.0,1.0,1.0,1.0,1.0
畠山和也,47,6,5.0,5.0,4.0,5.0,4.0,3.0,5.0,3.0,5.0,1.0,1.0,3.0,5.0,4.0,2.0,1.0,2.0,4.0,3.0,5.0,5.0,5.0,3.0,4.0,5.0,1.0,1.0,1.0,5.0,5.0,5.0,5.0,5.0,5.0
岩瀬清次,66,12,5.0,5.0,5.0,3.0,5.0,5.0,3.0,3.0,3.0,1.0,1.0,1.0,5.0,5.0,5.0,1.0,5.0,3.0,1.0,5.0,4.0,1.0,5.0,5.0,1.0,2.0,2.0,5.0,5.0,5.0,5.0,5.0,5.0,5.0
岩本剛人,54,1,2.0,3.0,2.0,3.0,2.0,2.0,3.0,3.0,3.0,4.0,4.0,3.0,2.0,3.0,3.0,4.0,3.0,2.0,3.0,3.0,3.0,3.0,3.0,3.0,2.0,3.0,4.0,3.0,3.0,1.0,1.0,2.0,2.0,2.0
勝部賢志,59,4,5.0,5.0,5.0,5.0,3.0,2.0,5.0,2.0,5.0,1.0,1.0,2.0,4.0,5.0,2.0,1.0,3.0,4.0,3.0,4.0,4.0,4.0,3.0,4.0,5.0,1.0,1.0,3.0,3.0,4.0,5.0,5.0,5.0,5.0
中村治,66,16,3.0,3.0,3.0,3.0,3.0,3.0,3.0,3.0,3.0,3.0,3.0,3.0,3.0,3.0,3.0,3.0,3.0,3.0,3.0,3.0,3.0,3.0,3.0,3.0,3.0,3.0,3.0,3.0,3.0,3.0,3.0,3.0,3.0,3.0
原谷那美,35,5,5.0,5.0,5.0,5.0,2.0,2.0,3.0,3.0,4.0,1.0,1.0,3.0,5.0,5.0,2.0,2.0,4.0,4.0,3.0,4.0,5.0,5.0,3.0,3.0,4.0,2.0,2.0,3.0,3.0,5.0,5.0,5.0,5.0,5.0
山本貴平,44,13,1.0,1.0,1.0,5.0,2.0,2.0,1.0,5.0,2.0,5.0,5.0,3.0,2.0,3.0,1.0,5.0,3.0,4.0,3.0,4.0,5.0,3.0,3.0,3.0,1.0,4.0,3.0,3.0,1.0,2.0,1.0,4.0,5.0,3.0
小山日奈子,53,13,1.0,2.0,2.0,3.0,1.0,2.0,1.0,3.0,3.0,3.0,5.0,1.0,4.0,4.0,2.0,3.0,3.0,3.0,2.0,4.0,4.0,4.0,3.0,3.0,1.0,2.0,2.0,3.0,2.0,3.0,2.0,2.0,2.0,3.0
滝沢求,60,1,3.0,3.0,3.0,3.0,3.0,3.0,3.0,3.0,3.0,3.0,3.0,3.0,1.0,2.0,1.0,4.0,3.0,3.0,3.0,3.0,3.0,3.0,3.0,3.0,3.0,3.0,3.0,3.0,3.0,1.0,1.0,1.0,1.0,1.0
小田切達,61,4,4.0,5.0,5.0,3.0,3.0,3.0,5.0,4.0,5.0,1.0,1.0,3.0,5.0,5.0,2.0,2.0,4.0,5.0,3.0,5.0,5.0,5.0,5.0,5.0,5.0,1.0,1.0,1.0,5.0,5.0,5.0,5.0,5.0,5.0
横沢高徳,47,3,3.0,3.0,3.0,5.0,2.0,2.0,4.0,2.0,3.0,1.0,1.0,2.0,3.0,4.0,2.0,2.0,3.0,3.0,3.0,4.0,5.0,4.0,3.0,4.0,4.0,2.0,3.0,2.0,4.0,5.0,5.0,5.0,5.0,5.0
平野達男,65,1,3.0,4.0,3.0,4.0,2.0,3.0,5.0,2.0,5.0,3.0,3.0,4.0,2.0,3.0,4.0,3.0,5.0,3.0,5.0,2.0,4.0,5.0,4.0,3.0,1.0,3.0,3.0,3.0,3.0,1.0,1.0,2.0,3.0,2.0
梶谷秀一,53,13,2.0,3.0,4.0,5.0,3.0,1.0,1.0,3.0,4.0,1.0,2.0,1.0,2.0,1.0,5.0,2.0,1.0,1.0,1.0,4.0,2.0,2.0,3.0,1.0,1.0,2.0,4.0,1.0,2.0,2.0,2.0,2.0,4.0,5.0
三宅紀昭,57,13,2.0,2.0,2.0,2.0,1.0,1.0,1.0,3.0,4.0,3.0,4.0,4.0,2.0,2.0,1.0,1.0,2.0,3.0,3.0,4.0,2.0,3.0,3.0,3.0,3.0,1.0,3.0,3.0,3.0,4.0,3.0,4.0,4.0,4.0
愛知治郎,50,1,2.0,4.0,3.0,3.0,2.0,3.0,2.0,2.0,3.0,3.0,3.0,3.0,2.0,3.0,2.0,3.0,5.0,2.0,5.0,2.0,3.0,3.0,4.0,3.0,2.0,1.0,5.0,5.0,2.0,2.0,2.0,2.0,2.0,3.0
石垣のりこ,44,4,3.0,5.0,3.0,4.0,1.0,1.0,3.0,3.0,5.0,1.0,1.0,1.0,5.0,3.0,3.0,1.0,1.0,3.0,1.0,5.0,5.0,3.0,1.0,1.0,5.0,1.0,5.0,3.0,3.0,5.0,5.0,5.0,5.0,5.0
中泉松司,40,1,2.0,4.0,3.0,4.0,2.0,2.0,4.0,2.0,3.0,3.0,3.0,4.0,1.0,2.0,4.0,2.0,2.0,2.0,5.0,2.0,3.0,3.0,2.0,2.0,1.0,2.0,3.0,3.0,4.0,2.0,1.0,2.0,2.0,3.0
寺田静,44,3,3.0,5.0,4.0,5.0,2.0,3.0,4.0,2.0,3.0,1.0,1.0,2.0,3.0,4.0,3.0,2.0,4.0,4.0,3.0,4.0,4.0,3.0,3.0,4.0,5.0,2.0,2.0,2.0,4.0,4.0,3.0,3.0,4.0,5.0
石岡隆治,45,13,3.0,1.0,1.0,5.0,1.0,1.0,3.0,5.0,5.0,3.0,3.0,3.0,1.0,3.0,1.0,5.0,2.0,3.0,3.0,1.0,5.0,5.0,3.0,1.0,1.0,2.0,5.0,5.0,3.0,2.0,2.0,3.0,3.0,3.0
大沼瑞穂,40,1,2.0,2.0,3.0,4.0,2.0,4.0,4.0,2.0,4.0,3.0,3.0,3.0,2.0,4.0,2.0,4.0,4.0,2.0,5.0,3.0,2.0,2.0,4.0,4.0,2.0,1.0,3.0,2.0,3.0,1.0,1.0,1.0,2.0,4.0
芳賀道也,61,3,4.0,5.0,4.0,5.0,3.0,3.0,5.0,5.0,5.0,1.0,2.0,1.0,5.0,5.0,2.0,2.0,4.0,4.0,4.0,5.0,5.0,4.0,2.0,5.0,5.0,1.0,2.0,1.0,5.0,5.0,5.0,5.0,5.0,5.0
小野沢健至,49,13,1.0,3.0,2.0,2.0,1.0,1.0,1.0,2.0,4.0,5.0,5.0,1.0,2.0,2.0,4.0,2.0,1.0,2.0,3.0,2.0,3.0,2.0,2.0,2.0,1.0,2.0,5.0,3.0,3.0,4.0,2.0,4.0,2.0,3.0
森雅子,54,1,1.0,5.0,3.0,4.0,2.0,3.0,5.0,1.0,3.0,3.0,3.0,3.0,3.0,3.0,2.0,2.0,3.0,3.0,4.0,3.0,3.0,3.0,4.0,3.0,3.0,2.0,3.0,3.0,3.0,1.0,1.0,1.0,2.0,2.0
水野さちこ,57,3,3.0,3.0,3.0,4.0,2.0,3.0,4.0,3.0,4.0,3.0,3.0,3.0,3.0,4.0,2.0,2.0,3.0,3.0,3.0,3.0,3.0,3.0,3.0,4.0,3.0,3.0,3.0,3.0,5.0,5.0,5.0,5.0,5.0,5.0
田山雅仁,35,13,4.0,5.0,5.0,1.0,5.0,1.0,1.0,5.0,2.0,2.0,2.0,1.0,1.0,1.0,5.0,2.0,5.0,1.0,5.0,5.0,1.0,1.0,5.0,5.0,1.0,4.0,4.0,4.0,4.0,4.0,2.0,4.0,4.0,5.0
田中健,53,13,1.0,1.0,1.0,3.0,3.0,3.0,2.0,5.0,5.0,2.0,4.0,1.0,1.0,1.0,3.0,1.0,5.0,1.0,1.0,5.0,3.0,4.0,4.0,3.0,1.0,3.0,3.0,3.0,3.0,5.0,4.0,3.0,5.0,5.0
海野徹,70,7,3.0,4.0,4.0,4.0,3.0,4.0,3.0,2.0,4.0,2.0,4.0,2.0,3.0,2.0,4.0,2.0,4.0,2.0,2.0,3.0,4.0,2.0,4.0,4.0,2.0,1.0,1.0,1.0,5.0,4.0,4.0,4.0,4.0,5.0
小沼巧,33,4,2.0,4.0,3.0,4.0,2.0,2.0,4.0,2.0,4.0,1.0,1.0,4.0,3.0,4.0,1.0,1.0,3.0,4.0,2.0,5.0,4.0,3.0,2.0,3.0,4.0,2.0,2.0,2.0,5.0,4.0,4.0,4.0,4.0,5.0
大内久美子,69,6,5.0,5.0,5.0,5.0,3.0,3.0,5.0,3.0,3.0,1.0,1.0,5.0,5.0,5.0,1.0,1.0,5.0,5.0,5.0,5.0,5.0,5.0,5.0,5.0,5.0,1.0,1.0,1.0,5.0,5.0,5.0,5.0,5.0,5.0
上月良祐,56,1,2.0,3.0,2.0,3.0,2.0,2.0,,2.0,3.0,3.0,4.0,,,,,,,,,2.0,3.0,,,3.0,1.0,5.0,5.0,,,1.0,1.0,1.0,1.0,
町田紀光,40,13,2.0,5.0,4.0,4.0,3.0,1.0,2.0,3.0,3.0,3.0,3.0,3.0,3.0,3.0,2.0,3.0,3.0,3.0,3.0,3.0,3.0,3.0,3.0,3.0,1.0,3.0,3.0,3.0,3.0,2.0,3.0,3.0,3.0,3.0
高橋克法,61,1,2.0,3.0,2.0,3.0,2.0,2.0,5.0,2.0,2.0,3.0,3.0,3.0,2.0,3.0,3.0,4.0,3.0,3.0,5.0,3.0,3.0,3.0,3.0,2.0,1.0,3.0,3.0,3.0,3.0,1.0,1.0,2.0,2.0,2.0
加藤千穂,43,4,4.0,5.0,3.0,4.0,4.0,4.0,3.0,4.0,5.0,1.0,2.0,2.0,3.0,3.0,3.0,3.0,4.0,3.0,3.0,3.0,4.0,3.0,4.0,4.0,4.0,2.0,4.0,2.0,3.0,5.0,4.0,4.0,3.0,5.0
清水真人,44,1,1.0,3.0,3.0,3.0,2.0,2.0,5.0,3.0,3.0,4.0,3.0,3.0,2.0,2.0,4.0,4.0,2.0,2.0,3.0,3.0,3.0,4.0,2.0,2.0,2.0,3.0,5.0,4.0,2.0,2.0,1.0,2.0,2.0,2.0
斉藤敦子,51,4,5.0,5.0,5.0,5.0,2.0,2.0,3.0,3.0,5.0,1.0,1.0,2.0,5.0,5.0,2.0,1.0,2.0,4.0,3.0,4.0,4.0,4.0,3.0,3.0,4.0,1.0,1.0,1.0,5.0,5.0,5.0,5.0,5.0,5.0
前田みか子,47,13,1.0,1.0,1.0,5.0,1.0,1.0,3.0,5.0,4.0,5.0,4.0,3.0,4.0,5.0,2.0,1.0,3.0,3.0,3.0,5.0,5.0,3.0,1.0,3.0,5.0,5.0,3.0,3.0,3.0,5.0,5.0,5.0,5.0,5.0
宍戸千絵,41,5,1.0,5.0,2.0,4.0,4.0,2.0,3.0,3.0,3.0,1.0,3.0,3.0,2.0,3.0,3.0,3.0,4.0,2.0,3.0,3.0,4.0,3.0,3.0,4.0,2.0,3.0,3.0,2.0,4.0,5.0,5.0,5.0,5.0,5.0
伊藤岳,59,6,5.0,5.0,5.0,5.0,2.0,3.0,5.0,3.0,5.0,1.0,1.0,5.0,5.0,5.0,1.0,1.0,4.0,5.0,3.0,5.0,5.0,5.0,3.0,5.0,5.0,1.0,1.0,2.0,4.0,5.0,5.0,5.0,5.0,5.0
矢倉克夫,44,2,3.0,5.0,3.0,4.0,1.0,2.0,4.0,2.0,3.0,1.0,2.0,2.0,2.0,3.0,2.0,3.0,3.0,2.0,4.0,3.0,3.0,3.0,2.0,2.0,3.0,2.0,3.0,2.0,4.0,1.0,1.0,1.0,1.0,2.0
沢田良,39,7,2.0,2.0,3.0,3.0,4.0,2.0,1.0,3.0,2.0,1.0,1.0,2.0,2.0,2.0,5.0,2.0,2.0,1.0,1.0,5.0,3.0,2.0,2.0,2.0,1.0,3.0,3.0,3.0,3.0,2.0,1.0,2.0,4.0,5.0
鮫島良司,64,16,3.0,3.0,3.0,3.0,3.0,3.0,3.0,3.0,3.0,3.0,3.0,3.0,3.0,3.0,3.0,3.0,3.0,3.0,3.0,3.0,3.0,3.0,3.0,3.0,3.0,3.0,3.0,3.0,3.0,3.0,3.0,3.0,3.0,3.0
熊谷裕人,57,4,3.0,4.0,4.0,4.0,3.0,3.0,3.0,3.0,5.0,1.0,1.0,2.0,4.0,4.0,3.0,2.0,4.0,2.0,2.0,2.0,3.0,3.0,4.0,4.0,2.0,2.0,3.0,3.0,2.0,4.0,4.0,4.0,3.0,4.0
古川俊治,56,1,2.0,5.0,2.0,3.0,4.0,5.0,3.0,2.0,4.0,3.0,5.0,2.0,2.0,2.0,4.0,3.0,4.0,2.0,3.0,2.0,3.0,2.0,4.0,5.0,1.0,,,,,2.0,1.0,2.0,2.0,3.0
小島一郎,48,11,1.0,2.0,1.0,1.0,2.0,5.0,1.0,1.0,5.0,4.0,4.0,2.0,1.0,1.0,5.0,5.0,3.0,1.0,3.0,5.0,1.0,2.0,2.0,4.0,1.0,5.0,5.0,5.0,5.0,5.0,5.0,5.0,5.0,5.0
佐藤恵理子,33,13,2.0,5.0,1.0,5.0,3.0,2.0,3.0,4.0,2.0,3.0,1.0,3.0,3.0,4.0,1.0,2.0,5.0,2.0,2.0,4.0,5.0,3.0,4.0,4.0,1.0,3.0,3.0,3.0,3.0,2.0,3.0,5.0,5.0,3.0
石井準一,61,1,3.0,4.0,3.0,3.0,2.0,3.0,4.0,2.0,4.0,3.0,3.0,2.0,2.0,2.0,3.0,3.0,3.0,2.0,4.0,2.0,4.0,3.0,2.0,3.0,2.0,3.0,3.0,3.0,3.0,2.0,1.0,2.0,3.0,4.0
長浜博行,60,4,3.0,4.0,3.0,4.0,3.0,3.0,3.0,2.0,4.0,1.0,2.0,2.0,3.0,4.0,3.0,2.0,5.0,3.0,3.0,5.0,3.0,3.0,4.0,4.0,4.0,1.0,1.0,1.0,5.0,5.0,5.0,5.0,5.0,5.0
豊田俊郎,66,1,2.0,3.0,1.0,4.0,2.0,2.0,3.0,2.0,3.0,3.0,3.0,3.0,2.0,3.0,3.0,4.0,3.0,4.0,4.0,3.0,3.0,3.0,3.0,3.0,2.0,5.0,4.0,3.0,3.0,1.0,1.0,1.0,1.0,1.0
門田正則,72,16,3.0,3.0,3.0,3.0,3.0,3.0,3.0,3.0,3.0,3.0,3.0,3.0,3.0,3.0,3.0,3.0,3.0,3.0,3.0,3.0,3.0,3.0,3.0,3.0,3.0,3.0,3.0,3.0,3.0,3.0,3.0,3.0,3.0,3.0
浅野史子,48,6,5.0,5.0,4.0,5.0,3.0,3.0,5.0,4.0,5.0,1.0,1.0,5.0,5.0,5.0,1.0,1.0,3.0,5.0,3.0,5.0,5.0,5.0,3.0,5.0,5.0,1.0,1.0,3.0,3.0,5.0,5.0,5.0,5.0,5.0
丸川珠代,48,1,1.0,2.0,2.0,3.0,2.0,2.0,3.0,3.0,4.0,,3.0,3.0,1.0,2.0,3.0,3.0,3.0,3.0,3.0,3.0,4.0,3.0,3.0,3.0,1.0,5.0,5.0,5.0,3.0,1.0,1.0,1.0,1.0,
塩村文夏,41,4,4.0,5.0,4.0,4.0,3.0,3.0,4.0,4.0,5.0,1.0,1.0,2.0,4.0,5.0,2.0,1.0,4.0,4.0,1.0,5.0,4.0,4.0,4.0,4.0,4.0,1.0,1.0,1.0,5.0,5.0,5.0,5.0,5.0,5.0
武見敬三,67,1,2.0,2.0,3.0,4.0,1.0,2.0,4.0,2.0,3.0,3.0,3.0,2.0,2.0,3.0,3.0,4.0,4.0,2.0,4.0,3.0,4.0,2.0,5.0,4.0,3.0,2.0,2.0,2.0,5.0,2.0,1.0,2.0,2.0,2.0
山口那津男,67,2,4.0,5.0,3.0,4.0,2.0,3.0,4.0,3.0,3.0,2.0,3.0,4.0,3.0,3.0,3.0,3.0,4.0,3.0,3.0,3.0,3.0,3.0,3.0,3.0,4.0,3.0,3.0,3.0,3.0,1.0,1.0,2.0,2.0,2.0
溝口晃一,50,15,2.0,5.0,3.0,4.0,3.0,4.0,1.0,4.0,4.0,2.0,1.0,2.0,4.0,4.0,4.0,1.0,5.0,1.0,1.0,5.0,4.0,1.0,4.0,4.0,2.0,2.0,2.0,3.0,2.0,5.0,4.0,5.0,4.0,5.0
山岸一生,37,4,5.0,5.0,5.0,4.0,3.0,3.0,3.0,2.0,5.0,1.0,1.0,3.0,3.0,4.0,2.0,2.0,4.0,4.0,2.0,5.0,4.0,4.0,3.0,4.0,4.0,2.0,2.0,2.0,4.0,5.0,5.0,5.0,5.0,5.0
吉良佳子,36,6,5.0,5.0,5.0,5.0,2.0,3.0,5.0,3.0,5.0,1.0,1.0,5.0,5.0,5.0,1.0,1.0,4.0,5.0,3.0,5.0,5.0,5.0,3.0,5.0,5.0,1.0,1.0,3.0,5.0,5.0,5.0,5.0,5.0,5.0
水野素子,49,5,3.0,4.0,4.0,3.0,3.0,3.0,2.0,2.0,3.0,1.0,1.0,2.0,3.0,3.0,4.0,2.0,3.0,1.0,1.0,3.0,4.0,3.0,3.0,4.0,2.0,2.0,3.0,2.0,4.0,4.0,4.0,4.0,4.0,5.0
関口安弘,67,3,,,,,2.0,,,2.0,,,5.0,2.0,,,2.0,5.0,,4.0,5.0,,2.0,4.0,4.0,,1.0,,,,,2.0,2.0,4.0,4.0,
佐藤均,48,16,3.0,3.0,3.0,3.0,3.0,3.0,3.0,3.0,3.0,3.0,3.0,3.0,3.0,3.0,3.0,3.0,3.0,3.0,3.0,3.0,3.0,3.0,3.0,3.0,3.0,3.0,3.0,3.0,3.0,3.0,3.0,3.0,3.0,3.0
朝倉玲子,60,9,5.0,5.0,5.0,5.0,1.0,4.0,5.0,3.0,5.0,1.0,1.0,4.0,5.0,5.0,1.0,1.0,5.0,5.0,1.0,5.0,5.0,5.0,5.0,5.0,5.0,1.0,1.0,3.0,5.0,5.0,5.0,5.0,5.0,5.0
音喜多駿,35,7,1.0,2.0,2.0,2.0,4.0,4.0,1.0,2.0,4.0,1.0,1.0,1.0,1.0,2.0,5.0,3.0,5.0,1.0,1.0,5.0,1.0,1.0,5.0,4.0,2.0,2.0,3.0,3.0,3.0,4.0,2.0,3.0,5.0,5.0
七海ひろこ,34,11,1.0,2.0,1.0,3.0,3.0,2.0,1.0,2.0,3.0,4.0,5.0,3.0,1.0,2.0,4.0,5.0,2.0,1.0,3.0,5.0,3.0,2.0,4.0,2.0,1.0,4.0,5.0,5.0,2.0,3.0,3.0,5.0,5.0,5.0
横山昌弘,76,16,1.0,1.0,1.0,1.0,2.0,1.0,1.0,2.0,1.0,3.0,2.0,1.0,2.0,2.0,2.0,5.0,2.0,1.0,1.0,3.0,2.0,5.0,3.0,2.0,1.0,1.0,1.0,1.0,2.0,2.0,1.0,2.0,2.0,2.0
野原善正,59,10,5.0,5.0,5.0,5.0,1.0,1.0,5.0,5.0,5.0,1.0,1.0,1.0,5.0,5.0,1.0,1.0,1.0,5.0,3.0,5.0,5.0,5.0,1.0,1.0,5.0,1.0,1.0,1.0,5.0,5.0,5.0,5.0,5.0,5.0
西野貞吉,83,3,1.0,3.0,1.0,3.0,2.0,2.0,1.0,3.0,2.0,2.0,3.0,3.0,2.0,2.0,2.0,4.0,1.0,2.0,3.0,5.0,5.0,5.0,4.0,3.0,1.0,2.0,5.0,5.0,3.0,2.0,2.0,3.0,4.0,3.0
大橋昌信,43,13,2.0,3.0,3.0,4.0,2.0,1.0,3.0,4.0,2.0,2.0,2.0,3.0,3.0,2.0,2.0,3.0,2.0,3.0,2.0,4.0,4.0,4.0,3.0,3.0,1.0,4.0,2.0,3.0,3.0,3.0,2.0,4.0,3.0,3.0
大塚紀久雄,78,14,5.0,5.0,5.0,,5.0,,,2.0,5.0,1.0,1.0,,5.0,4.0,,1.0,1.0,2.0,1.0,5.0,5.0,2.0,4.0,5.0,4.0,2.0,,,,4.0,4.0,4.0,5.0,5.0
野末陳平,87,3,2.0,4.0,4.0,1.0,2.0,3.0,1.0,2.0,3.0,2.0,3.0,1.0,4.0,2.0,3.0,3.0,3.0,3.0,2.0,2.0,2.0,2.0,3.0,2.0,4.0,2.0,3.0,3.0,3.0,2.0,4.0,4.0,4.0,4.0
乃木涼介,54,5,4.0,4.0,5.0,5.0,2.0,1.0,2.0,3.0,2.0,1.0,2.0,1.0,5.0,5.0,1.0,3.0,1.0,2.0,1.0,2.0,5.0,3.0,1.0,3.0,2.0,3.0,3.0,3.0,3.0,5.0,5.0,5.0,5.0,5.0
佐々木さやか,38,2,3.0,5.0,3.0,4.0,2.0,2.0,3.0,2.0,3.0,2.0,2.0,3.0,2.0,3.0,3.0,3.0,3.0,3.0,2.0,3.0,4.0,4.0,3.0,3.0,3.0,3.0,3.0,3.0,3.0,2.0,2.0,3.0,3.0,2.0
相原倫子,58,9,5.0,5.0,5.0,5.0,2.0,2.0,4.0,1.0,5.0,1.0,1.0,1.0,5.0,5.0,1.0,1.0,2.0,5.0,5.0,5.0,5.0,5.0,3.0,4.0,5.0,1.0,1.0,1.0,5.0,5.0,5.0,5.0,5.0,5.0
壹岐愛子,33,11,1.0,1.0,1.0,2.0,2.0,2.0,2.0,3.0,5.0,4.0,3.0,3.0,1.0,1.0,5.0,5.0,3.0,1.0,2.0,5.0,3.0,3.0,3.0,2.0,1.0,4.0,4.0,4.0,3.0,4.0,3.0,4.0,4.0,4.0
渋谷貢,82,3,3.0,3.0,3.0,3.0,3.0,3.0,2.0,3.0,3.0,3.0,4.0,3.0,2.0,4.0,2.0,3.0,3.0,2.0,3.0,3.0,3.0,3.0,3.0,2.0,2.0,3.0,3.0,3.0,3.0,2.0,2.0,3.0,3.0,3.0
森下正勝,75,3,2.0,1.0,1.0,1.0,5.0,5.0,5.0,4.0,1.0,1.0,3.0,1.0,2.0,2.0,1.0,1.0,5.0,5.0,3.0,5.0,3.0,4.0,5.0,5.0,5.0,2.0,4.0,2.0,3.0,5.0,5.0,5.0,5.0,5.0
圷孝行,69,12,5.0,5.0,3.0,3.0,3.0,4.0,2.0,2.0,5.0,1.0,2.0,4.0,4.0,4.0,4.0,2.0,5.0,2.0,1.0,5.0,4.0,4.0,1.0,5.0,1.0,1.0,1.0,5.0,5.0,5.0,5.0,5.0,5.0,5.0
牧山弘恵,54,4,3.0,3.0,4.0,4.0,3.0,3.0,3.0,3.0,4.0,1.0,1.0,2.0,3.0,3.0,3.0,2.0,4.0,4.0,3.0,4.0,3.0,3.0,4.0,4.0,4.0,2.0,2.0,2.0,3.0,4.0,4.0,5.0,4.0,5.0
林大祐,43,13,1.0,2.0,1.0,3.0,5.0,5.0,1.0,4.0,5.0,3.0,1.0,5.0,1.0,1.0,1.0,5.0,5.0,3.0,3.0,1.0,4.0,4.0,4.0,4.0,1.0,4.0,4.0,4.0,4.0,2.0,4.0,4.0,5.0,5.0
加藤友行,55,16,3.0,3.0,3.0,3.0,3.0,3.0,3.0,3.0,3.0,3.0,3.0,3.0,3.0,3.0,3.0,3.0,3.0,3.0,3.0,3.0,3.0,3.0,3.0,3.0,3.0,3.0,3.0,3.0,3.0,3.0,3.0,3.0,3.0,3.0
島村大,58,1,2.0,4.0,3.0,3.0,2.0,3.0,4.0,1.0,3.0,2.0,3.0,3.0,2.0,2.0,3.0,5.0,3.0,2.0,5.0,3.0,3.0,4.0,4.0,3.0,1.0,3.0,3.0,3.0,3.0,1.0,1.0,1.0,1.0,1.0
浅賀由香,39,6,5.0,5.0,5.0,5.0,2.0,3.0,5.0,3.0,5.0,1.0,1.0,5.0,5.0,5.0,1.0,1.0,4.0,5.0,3.0,5.0,5.0,5.0,3.0,5.0,5.0,1.0,1.0,1.0,5.0,5.0,5.0,5.0,5.0,5.0
松沢成文,61,7,1.0,3.0,2.0,4.0,3.0,3.0,1.0,3.0,4.0,4.0,3.0,1.0,1.0,3.0,2.0,2.0,4.0,1.0,2.0,5.0,4.0,3.0,5.0,4.0,1.0,5.0,5.0,5.0,1.0,4.0,2.0,3.0,2.0,5.0
榎本太志,41,15,4.0,4.0,5.0,3.0,2.0,3.0,5.0,5.0,5.0,4.0,1.0,2.0,5.0,3.0,1.0,1.0,3.0,3.0,3.0,5.0,4.0,4.0,3.0,4.0,4.0,2.0,3.0,5.0,5.0,5.0,5.0,5.0,4.0,3.0
打越さく良,51,3,4.0,5.0,5.0,4.0,2.0,5.0,5.0,3.0,5.0,1.0,1.0,3.0,4.0,4.0,2.0,1.0,3.0,4.0,3.0,5.0,5.0,3.0,4.0,4.0,5.0,2.0,2.0,2.0,5.0,5.0,4.0,5.0,4.0,5.0
塚田一郎,55,1,1.0,3.0,3.0,3.0,2.0,2.0,3.0,2.0,3.0,3.0,3.0,3.0,1.0,3.0,3.0,3.0,3.0,3.0,3.0,3.0,3.0,3.0,3.0,3.0,2.0,3.0,5.0,3.0,2.0,1.0,1.0,2.0,2.0,2.0
西尾政英,58,5,3.0,3.0,3.0,4.0,2.0,3.0,3.0,3.0,4.0,2.0,3.0,2.0,3.0,3.0,3.0,3.0,3.0,3.0,3.0,4.0,4.0,3.0,3.0,4.0,4.0,3.0,3.0,,,4.0,4.0,4.0,4.0,4.0
山田修路,65,1,1.0,3.0,3.0,5.0,1.0,3.0,5.0,1.0,3.0,1.0,3.0,3.0,1.0,3.0,3.0,5.0,3.0,3.0,5.0,3.0,3.0,3.0,3.0,3.0,1.0,3.0,3.0,3.0,3.0,1.0,1.0,1.0,1.0,1.0
田辺徹,58,5,5.0,5.0,5.0,5.0,3.0,3.0,5.0,1.0,5.0,1.0,1.0,5.0,5.0,5.0,1.0,3.0,5.0,4.0,4.0,4.0,5.0,5.0,5.0,5.0,4.0,1.0,3.0,1.0,5.0,5.0,5.0,5.0,5.0,5.0
山田和雄,52,6,5.0,5.0,5.0,5.0,2.0,3.0,5.0,3.0,5.0,1.0,1.0,5.0,5.0,5.0,1.0,1.0,4.0,5.0,3.0,5.0,5.0,5.0,3.0,5.0,5.0,1.0,1.0,1.0,5.0,5.0,5.0,5.0,5.0,5.0
嶋谷昌美,48,13,3.0,3.0,3.0,4.0,2.0,1.0,3.0,3.0,3.0,2.0,3.0,3.0,3.0,3.0,2.0,3.0,3.0,3.0,3.0,5.0,3.0,3.0,3.0,2.0,2.0,3.0,3.0,3.0,3.0,3.0,3.0,3.0,3.0,5.0
森屋宏,62,1,2.0,2.0,3.0,4.0,2.0,2.0,2.0,2.0,3.0,4.0,4.0,3.0,2.0,3.0,2.0,5.0,3.0,3.0,1.0,3.0,3.0,3.0,4.0,3.0,2.0,3.0,3.0,3.0,3.0,1.0,2.0,3.0,2.0,2.0
市来伴子,41,3,5.0,5.0,5.0,5.0,4.0,3.0,3.0,2.0,5.0,2.0,2.0,3.0,5.0,5.0,2.0,2.0,4.0,5.0,5.0,3.0,4.0,4.0,3.0,3.0,5.0,1.0,2.0,2.0,3.0,5.0,5.0,5.0,5.0,5.0
猪野恵司,35,13,3.0,3.0,3.0,3.0,3.0,3.0,3.0,2.0,3.0,3.0,3.0,3.0,3.0,3.0,3.0,3.0,3.0,3.0,3.0,5.0,3.0,3.0,3.0,5.0,4.0,1.0,1.0,1.0,3.0,5.0,4.0,4.0,3.0,3.0
羽田雄一郎,51,5,3.0,5.0,3.0,4.0,3.0,3.0,4.0,3.0,5.0,2.0,2.0,3.0,3.0,4.0,3.0,3.0,4.0,3.0,4.0,3.0,4.0,3.0,4.0,4.0,5.0,1.0,2.0,2.0,3.0,5.0,4.0,4.0,4.0,5.0
斉藤好明,69,12,5.0,5.0,4.0,5.0,3.0,5.0,3.0,3.0,5.0,1.0,2.0,4.0,5.0,5.0,4.0,2.0,5.0,4.0,2.0,5.0,5.0,2.0,5.0,5.0,4.0,1.0,1.0,5.0,5.0,5.0,4.0,4.0,5.0,5.0
小松裕,57,1,3.0,3.0,2.0,3.0,2.0,3.0,4.0,2.0,3.0,3.0,4.0,3.0,2.0,3.0,3.0,3.0,4.0,3.0,5.0,3.0,4.0,4.0,4.0,3.0,2.0,4.0,4.0,4.0,4.0,1.0,1.0,2.0,2.0,3.0
古谷孝,43,13,3.0,3.0,3.0,3.0,3.0,3.0,3.0,3.0,3.0,3.0,3.0,3.0,3.0,3.0,3.0,3.0,3.0,3.0,3.0,3.0,3.0,3.0,3.0,3.0,3.0,3.0,3.0,3.0,3.0,3.0,3.0,3.0,3.0,3.0
梅村慎一,48,4,4.0,5.0,3.0,4.0,3.0,3.0,2.0,2.0,5.0,1.0,1.0,2.0,5.0,4.0,3.0,2.0,4.0,3.0,3.0,5.0,4.0,3.0,4.0,4.0,5.0,1.0,1.0,1.0,5.0,4.0,5.0,5.0,4.0,5.0
坂本雅彦,47,13,2.0,3.0,2.0,3.0,3.0,2.0,3.0,3.0,4.0,4.0,2.0,3.0,2.0,3.0,2.0,4.0,3.0,3.0,4.0,4.0,3.0,3.0,4.0,2.0,2.0,4.0,4.0,4.0,3.0,2.0,2.0,3.0,3.0,3.0
牧野京夫,60,1,1.0,3.0,2.0,3.0,1.0,2.0,3.0,2.0,3.0,5.0,5.0,3.0,3.0,4.0,2.0,4.0,2.0,4.0,5.0,4.0,4.0,4.0,2.0,2.0,1.0,1.0,3.0,3.0,5.0,1.0,1.0,2.0,2.0,2.0
徳川家広,54,4,5.0,5.0,5.0,5.0,1.0,1.0,5.0,2.0,5.0,1.0,1.0,1.0,4.0,4.0,3.0,1.0,2.0,5.0,1.0,4.0,5.0,5.0,5.0,2.0,5.0,3.0,3.0,3.0,5.0,5.0,5.0,4.0,4.0,5.0
榛葉賀津也,52,5,3.0,3.0,3.0,3.0,3.0,3.0,3.0,3.0,3.0,3.0,3.0,3.0,1.0,5.0,3.0,3.0,5.0,3.0,3.0,5.0,5.0,3.0,5.0,5.0,3.0,3.0,4.0,3.0,3.0,4.0,3.0,4.0,3.0,5.0
鈴木千佳,48,6,5.0,5.0,5.0,5.0,3.0,5.0,5.0,3.0,5.0,1.0,1.0,3.0,5.0,4.0,2.0,1.0,5.0,5.0,3.0,5.0,5.0,5.0,3.0,5.0,5.0,1.0,1.0,3.0,3.0,5.0,5.0,5.0,5.0,5.0
畑山浩一,49,13,3.0,4.0,2.0,4.0,2.0,2.0,3.0,2.0,2.0,3.0,3.0,3.0,3.0,4.0,2.0,3.0,2.0,3.0,2.0,3.0,4.0,3.0,3.0,2.0,2.0,2.0,2.0,3.0,3.0,4.0,2.0,3.0,4.0,4.0
安江伸夫,32,2,3.0,3.0,4.0,4.0,2.0,3.0,4.0,3.0,3.0,2.0,3.0,3.0,3.0,3.0,3.0,3.0,4.0,2.0,3.0,3.0,3.0,3.0,3.0,3.0,3.0,3.0,3.0,2.0,3.0,2.0,2.0,2.0,2.0,4.0
橋本勉,65,15,2.0,3.0,2.0,1.0,2.0,2.0,2.0,2.0,3.0,3.0,3.0,1.0,2.0,3.0,2.0,1.0,4.0,1.0,4.0,5.0,4.0,1.0,1.0,4.0,2.0,2.0,2.0,2.0,2.0,4.0,4.0,4.0,4.0,5.0
大塚耕平,59,5,3.0,5.0,3.0,3.0,4.0,4.0,2.0,3.0,4.0,3.0,3.0,2.0,3.0,3.0,3.0,3.0,4.0,2.0,5.0,2.0,3.0,3.0,4.0,4.0,3.0,3.0,3.0,3.0,2.0,5.0,4.0,5.0,4.0,5.0
須山初美,40,6,5.0,5.0,5.0,5.0,2.0,3.0,5.0,3.0,5.0,1.0,1.0,5.0,5.0,5.0,1.0,1.0,4.0,5.0,3.0,5.0,5.0,5.0,3.0,5.0,5.0,1.0,1.0,2.0,4.0,5.0,5.0,5.0,5.0,5.0
古川均,65,12,5.0,5.0,3.0,3.0,3.0,4.0,2.0,2.0,5.0,1.0,2.0,4.0,4.0,4.0,4.0,2.0,5.0,2.0,1.0,5.0,4.0,4.0,5.0,5.0,1.0,1.0,1.0,5.0,5.0,5.0,5.0,5.0,5.0,5.0
平山良平,71,9,5.0,5.0,5.0,5.0,5.0,5.0,5.0,4.0,5.0,1.0,1.0,1.0,5.0,5.0,1.0,1.0,3.0,5.0,4.0,5.0,5.0,5.0,3.0,3.0,5.0,1.0,1.0,3.0,5.0,5.0,5.0,3.0,5.0,5.0
石井均,54,3,2.0,3.0,1.0,3.0,5.0,5.0,1.0,1.0,1.0,1.0,1.0,3.0,3.0,3.0,5.0,1.0,5.0,1.0,1.0,5.0,3.0,1.0,5.0,5.0,1.0,1.0,1.0,1.0,1.0,5.0,5.0,5.0,5.0,5.0
岬麻紀,50,7,3.0,3.0,2.0,3.0,2.0,2.0,3.0,2.0,4.0,2.0,2.0,2.0,2.0,3.0,3.0,2.0,2.0,2.0,3.0,5.0,4.0,4.0,4.0,2.0,,4.0,4.0,4.0,3.0,4.0,3.0,4.0,4.0,4.0
酒井庸行,67,1,1.0,1.0,1.0,5.0,1.0,1.0,2.0,1.0,2.0,3.0,3.0,5.0,1.0,1.0,1.0,4.0,2.0,1.0,5.0,1.0,4.0,2.0,4.0,1.0,1.0,1.0,3.0,1.0,1.0,1.0,1.0,1.0,1.0,1.0
田島麻衣子,42,4,4.0,4.0,4.0,4.0,4.0,2.0,3.0,2.0,4.0,1.0,2.0,4.0,4.0,4.0,3.0,2.0,4.0,2.0,3.0,2.0,4.0,4.0,4.0,4.0,4.0,1.0,1.0,1.0,3.0,5.0,5.0,4.0,4.0,5.0
牛田宏幸,48,16,3.0,3.0,3.0,3.0,3.0,3.0,3.0,3.0,3.0,3.0,3.0,3.0,3.0,3.0,3.0,3.0,3.0,3.0,3.0,3.0,3.0,3.0,3.0,3.0,3.0,3.0,3.0,3.0,3.0,3.0,3.0,3.0,3.0,3.0
末永友香梨,37,13,4.0,3.0,3.0,3.0,3.0,4.0,1.0,1.0,3.0,1.0,1.0,1.0,3.0,1.0,4.0,3.0,3.0,1.0,2.0,4.0,3.0,1.0,4.0,3.0,5.0,3.0,3.0,4.0,5.0,3.0,3.0,5.0,5.0,5.0
吉川有美,45,1,2.0,4.0,2.0,3.0,2.0,3.0,4.0,2.0,3.0,3.0,3.0,3.0,2.0,2.0,4.0,4.0,3.0,2.0,5.0,3.0,3.0,4.0,4.0,3.0,1.0,,,,,1.0,1.0,1.0,1.0,1.0
門田節代,51,13,1.0,1.0,1.0,3.0,1.0,1.0,1.0,4.0,2.0,3.0,1.0,1.0,1.0,1.0,2.0,4.0,3.0,3.0,3.0,3.0,4.0,3.0,3.0,3.0,3.0,5.0,5.0,5.0,2.0,3.0,2.0,3.0,3.0,3.0
芳野正英,44,3,3.0,4.0,3.0,5.0,4.0,4.0,3.0,2.0,4.0,1.0,2.0,3.0,3.0,4.0,4.0,2.0,5.0,3.0,1.0,3.0,3.0,3.0,5.0,4.0,4.0,1.0,2.0,1.0,4.0,5.0,5.0,5.0,5.0,5.0
服部修,45,13,1.0,1.0,1.0,1.0,3.0,1.0,5.0,5.0,5.0,5.0,5.0,1.0,5.0,4.0,1.0,1.0,1.0,1.0,1.0,5.0,1.0,1.0,1.0,1.0,1.0,5.0,5.0,5.0,1.0,5.0,2.0,2.0,4.0,5.0
嘉田由紀子,69,3,4.0,4.0,4.0,5.0,2.0,3.0,4.0,4.0,5.0,1.0,1.0,1.0,4.0,4.0,2.0,1.0,4.0,4.0,4.0,3.0,4.0,3.0,3.0,3.0,5.0,1.0,1.0,1.0,3.0,5.0,4.0,4.0,4.0,5.0
二之湯武史,42,1,2.0,3.0,3.0,3.0,2.0,2.0,3.0,2.0,3.0,3.0,4.0,,2.0,,,3.0,,,4.0,3.0,3.0,3.0,3.0,3.0,2.0,1.0,5.0,1.0,2.0,2.0,1.0,2.0,2.0,4.0
三上隆,88,15,4.0,5.0,4.0,3.0,2.0,4.0,3.0,4.0,3.0,2.0,2.0,2.0,5.0,4.0,2.0,3.0,2.0,2.0,2.0,5.0,4.0,2.0,4.0,2.0,5.0,3.0,2.0,3.0,3.0,2.0,4.0,2.0,3.0,5.0
西田昌司,60,1,1.0,1.0,2.0,5.0,1.0,1.0,3.0,5.0,1.0,5.0,5.0,1.0,5.0,5.0,1.0,5.0,1.0,5.0,5.0,5.0,5.0,5.0,1.0,3.0,1.0,1.0,5.0,3.0,1.0,2.0,1.0,1.0,1.0,1.0
倉林明子,58,6,5.0,5.0,5.0,5.0,2.0,3.0,5.0,3.0,5.0,1.0,1.0,5.0,5.0,5.0,1.0,1.0,4.0,5.0,3.0,5.0,5.0,5.0,3.0,5.0,5.0,1.0,1.0,2.0,5.0,5.0,5.0,5.0,5.0,5.0
増原裕子,41,4,3.0,5.0,3.0,4.0,3.0,3.0,3.0,2.0,4.0,1.0,1.0,2.0,3.0,4.0,2.0,1.0,4.0,3.0,2.0,5.0,4.0,3.0,3.0,4.0,4.0,1.0,1.0,1.0,4.0,5.0,4.0,4.0,4.0,5.0
山田彰久,38,13,3.0,4.0,4.0,5.0,1.0,1.0,5.0,5.0,5.0,5.0,2.0,2.0,4.0,5.0,1.0,3.0,1.0,4.0,5.0,5.0,4.0,4.0,1.0,2.0,3.0,1.0,5.0,4.0,1.0,5.0,5.0,3.0,3.0,5.0
浜田健,53,16,3.0,3.0,3.0,3.0,3.0,3.0,3.0,3.0,3.0,3.0,3.0,3.0,3.0,3.0,3.0,3.0,3.0,3.0,3.0,3.0,3.0,3.0,3.0,3.0,3.0,3.0,3.0,3.0,3.0,3.0,3.0,3.0,3.0,3.0
太田房江,68,1,2.0,2.0,2.0,4.0,2.0,2.0,3.0,2.0,3.0,3.0,4.0,3.0,2.0,2.0,3.0,5.0,3.0,2.0,5.0,3.0,3.0,2.0,4.0,2.0,1.0,,,,,1.0,1.0,2.0,3.0,4.0
東徹,52,7,1.0,3.0,2.0,4.0,4.0,3.0,1.0,2.0,2.0,2.0,3.0,2.0,3.0,3.0,3.0,3.0,3.0,1.0,1.0,4.0,2.0,1.0,2.0,3.0,1.0,2.0,4.0,2.0,2.0,4.0,1.0,2.0,1.0,5.0
亀石倫子,45,4,4.0,4.0,4.0,4.0,4.0,4.0,4.0,4.0,5.0,1.0,1.0,1.0,3.0,3.0,3.0,3.0,3.0,3.0,3.0,5.0,4.0,4.0,4.0,4.0,3.0,3.0,3.0,3.0,3.0,5.0,5.0,5.0,5.0,5.0
にしゃんた,50,5,2.0,3.0,3.0,5.0,2.0,3.0,3.0,3.0,4.0,1.0,1.0,2.0,4.0,5.0,2.0,3.0,4.0,2.0,4.0,4.0,4.0,4.0,5.0,5.0,4.0,1.0,3.0,1.0,3.0,4.0,4.0,4.0,4.0,5.0
杉久武,43,2,3.0,5.0,3.0,4.0,2.0,2.0,3.0,2.0,3.0,2.0,2.0,4.0,3.0,3.0,3.0,4.0,2.0,2.0,2.0,3.0,3.0,3.0,4.0,2.0,3.0,2.0,3.0,3.0,3.0,2.0,2.0,2.0,3.0,3.0
梅村みずほ,40,7,1.0,3.0,2.0,4.0,4.0,3.0,1.0,2.0,2.0,2.0,3.0,2.0,3.0,3.0,3.0,3.0,3.0,1.0,1.0,4.0,2.0,1.0,2.0,3.0,1.0,,,,,4.0,1.0,2.0,1.0,5.0
尾崎全紀,48,13,3.0,3.0,3.0,3.0,3.0,3.0,3.0,3.0,3.0,3.0,3.0,3.0,3.0,3.0,3.0,3.0,3.0,3.0,3.0,3.0,3.0,3.0,3.0,3.0,3.0,3.0,3.0,3.0,3.0,3.0,3.0,3.0,3.0,3.0
数森圭吾,39,11,1.0,2.0,2.0,2.0,2.0,2.0,2.0,2.0,3.0,4.0,5.0,3.0,1.0,2.0,2.0,5.0,3.0,1.0,3.0,5.0,2.0,2.0,1.0,2.0,1.0,4.0,4.0,4.0,4.0,5.0,3.0,5.0,5.0,4.0
辰巳孝太郎,42,6,5.0,5.0,5.0,5.0,2.0,3.0,5.0,3.0,5.0,1.0,1.0,5.0,5.0,5.0,1.0,1.0,4.0,5.0,3.0,5.0,5.0,5.0,3.0,5.0,5.0,1.0,1.0,1.0,5.0,5.0,5.0,5.0,5.0,5.0
佐々木一郎,68,12,5.0,5.0,5.0,,5.0,5.0,1.0,1.0,5.0,1.0,1.0,3.0,3.0,5.0,5.0,1.0,5.0,3.0,1.0,5.0,5.0,1.0,5.0,5.0,1.0,1.0,3.0,,5.0,5.0,5.0,5.0,5.0,5.0
高橋光男,42,2,3.0,5.0,4.0,4.0,2.0,2.0,3.0,2.0,4.0,2.0,2.0,3.0,2.0,2.0,2.0,3.0,2.0,2.0,2.0,4.0,3.0,3.0,4.0,2.0,2.0,2.0,4.0,2.0,3.0,2.0,1.0,1.0,2.0,2.0
安田真理,41,4,4.0,5.0,3.0,5.0,3.0,3.0,3.0,4.0,5.0,1.0,1.0,2.0,4.0,4.0,2.0,2.0,3.0,4.0,2.0,4.0,5.0,4.0,3.0,3.0,3.0,2.0,3.0,2.0,5.0,4.0,5.0,5.0,5.0,5.0
加田裕之,49,1,1.0,,,,2.0,1.0,,3.0,3.0,3.0,3.0,3.0,2.0,3.0,3.0,5.0,2.0,3.0,5.0,,,,,,1.0,,,,,2.0,2.0,2.0,2.0,2.0
清水貴之,45,7,1.0,3.0,2.0,4.0,4.0,3.0,1.0,2.0,2.0,2.0,3.0,2.0,3.0,3.0,3.0,3.0,3.0,1.0,1.0,4.0,2.0,1.0,2.0,3.0,1.0,,,,,4.0,1.0,2.0,1.0,5.0
金田峰生,53,6,5.0,5.0,4.0,5.0,2.0,3.0,5.0,3.0,5.0,1.0,1.0,3.0,5.0,4.0,1.0,1.0,4.0,5.0,3.0,5.0,5.0,5.0,3.0,5.0,5.0,1.0,1.0,1.0,3.0,5.0,5.0,5.0,5.0,5.0
田中孝子,64,11,1.0,1.0,2.0,1.0,3.0,1.0,2.0,2.0,5.0,3.0,3.0,3.0,1.0,1.0,5.0,5.0,1.0,1.0,2.0,5.0,4.0,3.0,4.0,1.0,1.0,3.0,3.0,3.0,3.0,3.0,2.0,5.0,4.0,3.0
堀井巌,53,1,2.0,3.0,3.0,3.0,2.0,3.0,4.0,3.0,3.0,3.0,3.0,3.0,2.0,3.0,3.0,3.0,3.0,3.0,5.0,3.0,3.0,3.0,3.0,3.0,1.0,,,,,1.0,1.0,1.0,1.0,1.0
西田一美,58,3,3.0,4.0,3.0,4.0,2.0,2.0,2.0,4.0,5.0,1.0,1.0,2.0,3.0,4.0,3.0,3.0,3.0,2.0,3.0,5.0,4.0,2.0,2.0,3.0,4.0,1.0,2.0,1.0,3.0,5.0,4.0,5.0,4.0,5.0
藤井幹雄,58,3,5.0,5.0,5.0,5.0,2.0,2.0,5.0,2.0,5.0,1.0,2.0,2.0,5.0,4.0,3.0,2.0,3.0,4.0,2.0,4.0,4.0,3.0,3.0,4.0,4.0,2.0,2.0,2.0,5.0,5.0,5.0,5.0,5.0,5.0
世耕弘成,56,1,1.0,3.0,5.0,3.0,2.0,2.0,2.0,2.0,5.0,1.0,1.0,3.0,1.0,3.0,5.0,5.0,2.0,1.0,5.0,4.0,4.0,3.0,3.0,2.0,1.0,3.0,3.0,3.0,3.0,1.0,1.0,1.0,1.0,1.0
舞立昇治,43,1,2.0,,,4.0,1.0,1.0,,,,,,,2.0,,,,,,5.0,,,,,,1.0,,,,,2.0,2.0,2.0,2.0,3.0
中林佳子,73,3,5.0,5.0,5.0,5.0,2.0,3.0,5.0,3.0,5.0,1.0,1.0,5.0,5.0,5.0,1.0,1.0,4.0,5.0,3.0,5.0,5.0,5.0,3.0,5.0,5.0,1.0,1.0,2.0,4.0,5.0,5.0,5.0,5.0,5.0
黒瀬信明,34,13,1.0,1.0,1.0,3.0,1.0,1.0,1.0,1.0,1.0,5.0,1.0,1.0,1.0,1.0,5.0,5.0,1.0,1.0,5.0,5.0,3.0,5.0,5.0,5.0,1.0,5.0,1.0,1.0,1.0,1.0,1.0,5.0,5.0,5.0
石井正弘,73,1,2.0,3.0,2.0,3.0,3.0,3.0,3.0,2.0,3.0,3.0,3.0,3.0,2.0,3.0,3.0,3.0,4.0,3.0,5.0,2.0,3.0,3.0,4.0,3.0,2.0,3.0,3.0,3.0,3.0,1.0,1.0,1.0,1.0,1.0
原田謙介,33,4,4.0,4.0,4.0,3.0,4.0,4.0,2.0,2.0,5.0,1.0,1.0,2.0,5.0,5.0,5.0,1.0,4.0,1.0,5.0,3.0,4.0,2.0,4.0,4.0,3.0,1.0,1.0,2.0,5.0,4.0,4.0,4.0,4.0,5.0
越智寛之,45,13,5.0,5.0,3.0,3.0,3.0,3.0,1.0,3.0,3.0,1.0,3.0,2.0,2.0,5.0,5.0,3.0,3.0,1.0,1.0,3.0,3.0,3.0,5.0,3.0,4.0,1.0,1.0,3.0,3.0,3.0,3.0,3.0,3.0,3.0
河井案里,45,1,1.0,4.0,1.0,5.0,1.0,1.0,3.0,2.0,5.0,3.0,3.0,3.0,1.0,4.0,5.0,3.0,2.0,1.0,5.0,3.0,2.0,1.0,4.0,2.0,1.0,4.0,5.0,5.0,2.0,1.0,1.0,1.0,1.0,1.0
泉安政,66,12,5.0,5.0,5.0,3.0,5.0,5.0,2.0,4.0,5.0,1.0,1.0,1.0,3.0,5.0,4.0,1.0,5.0,3.0,1.0,5.0,3.0,1.0,5.0,5.0,1.0,3.0,3.0,3.0,5.0,5.0,5.0,5.0,5.0,5.0
玉田憲勲,61,3,5.0,5.0,2.0,5.0,3.0,5.0,3.0,4.0,5.0,1.0,1.0,1.0,5.0,5.0,2.0,1.0,5.0,4.0,1.0,1.0,5.0,4.0,5.0,5.0,5.0,1.0,1.0,3.0,3.0,5.0,5.0,5.0,5.0,5.0
高見篤己,67,6,5.0,5.0,5.0,5.0,2.0,3.0,5.0,3.0,5.0,1.0,1.0,5.0,5.0,5.0,1.0,1.0,4.0,5.0,3.0,5.0,5.0,5.0,3.0,5.0,5.0,1.0,1.0,2.0,5.0,5.0,5.0,5.0,4.0,5.0
加陽輝実,69,13,2.0,2.0,3.0,2.0,1.0,1.0,2.0,2.0,3.0,4.0,5.0,1.0,1.0,2.0,2.0,5.0,5.0,1.0,1.0,5.0,5.0,2.0,2.0,4.0,1.0,5.0,3.0,3.0,2.0,4.0,4.0,4.0,2.0,3.0
森本真治,46,3,2.0,3.0,3.0,4.0,3.0,2.0,3.0,2.0,3.0,1.0,2.0,3.0,4.0,,,,4.0,2.0,4.0,2.0,5.0,5.0,5.0,3.0,5.0,1.0,3.0,1.0,3.0,5.0,5.0,5.0,5.0,5.0
溝手顕正,76,1,2.0,2.0,2.0,3.0,2.0,2.0,3.0,2.0,3.0,3.0,3.0,3.0,2.0,3.0,3.0,4.0,4.0,2.0,3.0,2.0,3.0,4.0,3.0,2.0,2.0,2.0,3.0,2.0,3.0,2.0,2.0,2.0,2.0,2.0
林芳正,58,1,,,5.0,,,,,1.0,,,,,,,,,,,,1.0,,,,,2.0,3.0,3.0,3.0,3.0,2.0,1.0,1.0,1.0,
竹本秀之,63,3,3.0,4.0,3.0,5.0,1.0,1.0,3.0,4.0,5.0,1.0,4.0,3.0,5.0,5.0,3.0,1.0,1.0,3.0,3.0,5.0,5.0,3.0,1.0,3.0,4.0,1.0,1.0,1.0,1.0,5.0,5.0,5.0,5.0,5.0
河井美和子,56,11,1.0,1.0,1.0,1.0,1.0,1.0,1.0,2.0,2.0,3.0,4.0,3.0,1.0,1.0,4.0,5.0,2.0,1.0,4.0,5.0,3.0,3.0,5.0,2.0,1.0,4.0,4.0,4.0,2.0,5.0,5.0,4.0,4.0,5.0
大内一也,45,5,4.0,4.0,5.0,5.0,3.0,2.0,2.0,2.0,4.0,1.0,1.0,3.0,4.0,4.0,3.0,2.0,3.0,2.0,1.0,4.0,4.0,2.0,2.0,3.0,4.0,1.0,3.0,3.0,3.0,4.0,5.0,5.0,5.0,5.0
石川新一郎,65,13,2.0,3.0,3.0,3.0,2.0,1.0,1.0,2.0,3.0,2.0,2.0,1.0,4.0,2.0,3.0,2.0,2.0,2.0,2.0,3.0,2.0,3.0,3.0,4.0,2.0,1.0,1.0,2.0,2.0,4.0,4.0,4.0,2.0,5.0
高野光二郎,44,1,2.0,3.0,2.0,2.0,1.0,2.0,4.0,4.0,2.0,4.0,5.0,1.0,2.0,2.0,2.0,2.0,3.0,3.0,5.0,2.0,3.0,3.0,4.0,3.0,1.0,3.0,3.0,2.0,3.0,2.0,2.0,4.0,4.0,5.0
松本顕治,35,3,5.0,5.0,5.0,5.0,3.0,3.0,5.0,3.0,5.0,1.0,1.0,3.0,3.0,5.0,1.0,1.0,3.0,5.0,3.0,5.0,5.0,5.0,3.0,5.0,5.0,1.0,1.0,3.0,5.0,5.0,5.0,5.0,5.0,5.0
野村秀邦,69,3,5.0,5.0,5.0,1.0,3.0,5.0,4.0,5.0,4.0,2.0,2.0,2.0,5.0,4.0,2.0,1.0,5.0,1.0,5.0,5.0,5.0,2.0,4.0,4.0,5.0,1.0,1.0,5.0,5.0,5.0,5.0,5.0,5.0,5.0
尾田美和子,46,3,3.0,5.0,4.0,4.0,4.0,4.0,3.0,2.0,4.0,1.0,2.0,3.0,4.0,4.0,2.0,3.0,5.0,4.0,3.0,5.0,4.0,4.0,5.0,5.0,4.0,2.0,3.0,2.0,3.0,5.0,5.0,4.0,3.0,5.0
三宅伸吾,57,1,2.0,3.0,3.0,3.0,2.0,3.0,3.0,2.0,3.0,2.0,3.0,3.0,2.0,3.0,3.0,4.0,3.0,2.0,4.0,2.0,4.0,2.0,4.0,4.0,1.0,2.0,4.0,3.0,3.0,2.0,1.0,2.0,2.0,3.0
らくさぶろう,54,1,1.0,5.0,1.0,3.0,2.0,3.0,3.0,2.0,3.0,3.0,3.0,3.0,1.0,3.0,4.0,4.0,4.0,1.0,5.0,3.0,4.0,2.0,4.0,2.0,1.0,3.0,3.0,3.0,3.0,1.0,1.0,1.0,1.0,1.0
永江孝子,59,3,3.0,4.0,4.0,5.0,2.0,2.0,2.0,2.0,5.0,1.0,2.0,1.0,5.0,5.0,3.0,1.0,4.0,1.0,3.0,5.0,5.0,3.0,2.0,2.0,4.0,2.0,2.0,2.0,3.0,5.0,5.0,5.0,5.0,5.0
春田久美子,52,5,4.0,5.0,4.0,4.0,4.0,4.0,2.0,2.0,5.0,1.0,2.0,3.0,5.0,3.0,3.0,4.0,5.0,4.0,1.0,3.0,3.0,4.0,4.0,5.0,4.0,1.0,2.0,3.0,4.0,5.0,5.0,5.0,5.0,5.0
河野祥子,39,6,4.0,5.0,5.0,5.0,2.0,3.0,4.0,3.0,5.0,1.0,1.0,3.0,3.0,3.0,2.0,1.0,4.0,4.0,3.0,5.0,5.0,3.0,3.0,3.0,5.0,1.0,3.0,3.0,3.0,5.0,5.0,5.0,5.0,5.0
浜武振一,53,15,5.0,5.0,5.0,5.0,1.0,1.0,3.0,3.0,5.0,3.0,3.0,1.0,5.0,5.0,1.0,2.0,3.0,3.0,4.0,5.0,3.0,3.0,5.0,3.0,3.0,1.0,1.0,1.0,3.0,5.0,5.0,5.0,1.0,5.0
下野六太,55,2,3.0,4.0,4.0,4.0,2.0,3.0,3.0,2.0,2.0,2.0,2.0,3.0,2.0,4.0,4.0,3.0,3.0,2.0,2.0,2.0,4.0,3.0,3.0,3.0,4.0,2.0,3.0,3.0,3.0,2.0,2.0,3.0,3.0,4.0
本藤昭子,77,16,3.0,3.0,3.0,3.0,3.0,3.0,3.0,3.0,3.0,3.0,3.0,3.0,3.0,3.0,3.0,3.0,3.0,3.0,3.0,3.0,3.0,3.0,3.0,3.0,3.0,3.0,3.0,3.0,3.0,3.0,3.0,3.0,3.0,3.0
野田国義,61,4,3.0,3.0,2.0,3.0,4.0,4.0,3.0,2.0,2.0,2.0,2.0,2.0,3.0,4.0,2.0,2.0,4.0,4.0,4.0,4.0,4.0,4.0,2.0,4.0,4.0,1.0,1.0,1.0,5.0,5.0,5.0,5.0,5.0,5.0
江夏正敏,51,11,1.0,1.0,1.0,2.0,2.0,2.0,2.0,2.0,3.0,4.0,4.0,3.0,1.0,2.0,3.0,5.0,3.0,1.0,3.0,5.0,2.0,2.0,1.0,2.0,1.0,2.0,5.0,5.0,1.0,4.0,3.0,3.0,4.0,4.0
犬塚直史,64,5,3.0,3.0,4.0,3.0,3.0,4.0,3.0,1.0,4.0,1.0,1.0,1.0,5.0,4.0,4.0,2.0,5.0,2.0,2.0,3.0,5.0,3.0,4.0,4.0,2.0,1.0,1.0,3.0,3.0,5.0,5.0,5.0,5.0,5.0
古賀友一郎,51,1,3.0,3.0,3.0,3.0,3.0,3.0,3.0,3.0,3.0,3.0,3.0,3.0,2.0,4.0,3.0,3.0,4.0,3.0,5.0,2.0,3.0,3.0,4.0,4.0,1.0,3.0,3.0,3.0,3.0,2.0,2.0,2.0,2.0,2.0
白川鮎美,39,5,5.0,5.0,5.0,4.0,2.0,3.0,3.0,2.0,4.0,1.0,2.0,3.0,5.0,4.0,3.0,3.0,4.0,3.0,4.0,2.0,4.0,2.0,4.0,4.0,4.0,1.0,2.0,1.0,3.0,4.0,4.0,5.0,4.0,5.0
神谷幸太郎,43,13,2.0,3.0,1.0,3.0,1.0,1.0,3.0,4.0,3.0,2.0,3.0,3.0,2.0,4.0,2.0,3.0,1.0,4.0,2.0,5.0,2.0,2.0,2.0,2.0,2.0,2.0,5.0,4.0,2.0,4.0,3.0,3.0,4.0,5.0
馬場成志,54,1,2.0,5.0,2.0,5.0,1.0,2.0,5.0,2.0,3.0,4.0,,,2.0,4.0,2.0,4.0,4.0,3.0,5.0,4.0,2.0,3.0,3.0,4.0,1.0,,,,,2.0,1.0,2.0,2.0,4.0
阿部広美,52,3,5.0,5.0,5.0,5.0,3.0,2.0,5.0,2.0,4.0,1.0,1.0,1.0,4.0,4.0,4.0,1.0,3.0,4.0,1.0,4.0,5.0,5.0,3.0,2.0,3.0,1.0,1.0,3.0,3.0,4.0,4.0,3.0,4.0,5.0
最勝寺辰也,38,13,1.0,1.0,1.0,4.0,2.0,1.0,3.0,4.0,2.0,2.0,3.0,3.0,2.0,2.0,2.0,4.0,2.0,1.0,4.0,5.0,2.0,2.0,1.0,1.0,1.0,3.0,5.0,4.0,1.0,4.0,2.0,4.0,5.0,3.0
礒崎陽輔,61,1,2.0,3.0,2.0,4.0,1.0,2.0,4.0,2.0,3.0,3.0,5.0,3.0,2.0,4.0,3.0,3.0,4.0,3.0,4.0,3.0,4.0,4.0,3.0,2.0,1.0,5.0,5.0,4.0,4.0,1.0,1.0,1.0,2.0,2.0
安達澄,49,3,3.0,5.0,4.0,4.0,3.0,4.0,3.0,2.0,3.0,1.0,3.0,2.0,4.0,4.0,3.0,2.0,4.0,2.0,4.0,3.0,4.0,3.0,4.0,4.0,4.0,2.0,3.0,3.0,3.0,5.0,4.0,4.0,4.0,5.0
牧原慶一郎,41,13,3.0,3.0,3.0,3.0,3.0,3.0,3.0,3.0,3.0,3.0,3.0,3.0,3.0,3.0,3.0,3.0,3.0,3.0,3.0,3.0,3.0,3.0,3.0,3.0,3.0,3.0,3.0,3.0,3.0,3.0,3.0,3.0,3.0,3.0
長峯誠,49,1,2.0,2.0,2.0,4.0,3.0,3.0,5.0,2.0,5.0,4.0,4.0,4.0,2.0,3.0,3.0,3.0,4.0,3.0,5.0,2.0,3.0,4.0,4.0,3.0,1.0,3.0,4.0,3.0,3.0,1.0,1.0,2.0,2.0,2.0
河野一郎,59,11,1.0,1.0,1.0,1.0,2.0,2.0,1.0,1.0,2.0,5.0,5.0,3.0,1.0,1.0,1.0,5.0,2.0,1.0,4.0,5.0,2.0,3.0,5.0,4.0,1.0,1.0,5.0,5.0,3.0,4.0,5.0,5.0,3.0,5.0
園生裕造,41,4,3.0,4.0,2.0,4.0,5.0,4.0,1.0,4.0,4.0,2.0,1.0,4.0,2.0,3.0,4.0,2.0,5.0,2.0,2.0,2.0,3.0,4.0,4.0,4.0,4.0,2.0,4.0,3.0,3.0,4.0,4.0,4.0,4.0,5.0
前田終止,71,3,2.0,3.0,3.0,4.0,1.0,2.0,2.0,2.0,1.0,2.0,2.0,3.0,2.0,3.0,2.0,3.0,3.0,1.0,3.0,3.0,4.0,3.0,4.0,2.0,2.0,2.0,2.0,2.0,2.0,2.0,2.0,2.0,2.0,4.0
合原千尋,39,3,4.0,3.0,3.0,5.0,2.0,4.0,3.0,3.0,5.0,1.0,3.0,3.0,3.0,4.0,3.0,3.0,4.0,4.0,3.0,3.0,4.0,4.0,3.0,5.0,3.0,2.0,3.0,3.0,3.0,4.0,4.0,4.0,4.0,5.0
尾辻秀久,78,1,2.0,3.0,2.0,5.0,1.0,2.0,4.0,3.0,3.0,2.0,3.0,1.0,2.0,5.0,3.0,3.0,2.0,5.0,5.0,2.0,5.0,4.0,3.0,2.0,1.0,2.0,,,,1.0,1.0,2.0,1.0,2.0
安里繁信,49,1,2.0,2.0,3.0,3.0,3.0,3.0,2.0,2.0,3.0,3.0,3.0,3.0,3.0,3.0,3.0,3.0,4.0,2.0,3.0,3.0,3.0,3.0,4.0,4.0,2.0,4.0,4.0,4.0,3.0,2.0,1.0,2.0,2.0,3.0
高良鉄美,65,3,5.0,5.0,5.0,5.0,5.0,2.0,3.0,3.0,4.0,1.0,1.0,3.0,5.0,4.0,2.0,1.0,5.0,4.0,5.0,5.0,5.0,5.0,5.0,4.0,5.0,3.0,3.0,3.0,5.0,5.0,5.0,5.0,5.0,5.0
磯山秀夫,72,13,5.0,5.0,5.0,5.0,3.0,3.0,3.0,5.0,5.0,1.0,1.0,1.0,5.0,5.0,3.0,1.0,3.0,3.0,3.0,1.0,5.0,5.0,3.0,3.0,5.0,5.0,5.0,3.0,3.0,5.0,5.0,5.0,5.0,5.0
三木亨,52,1,2.0,1.0,3.0,4.0,2.0,3.0,3.0,2.0,3.0,3.0,3.0,3.0,1.0,3.0,3.0,4.0,3.0,3.0,5.0,4.0,4.0,2.0,3.0,3.0,2.0,3.0,3.0,3.0,3.0,1.0,1.0,1.0,1.0,2.0
三浦靖,46,1,2.0,3.0,2.0,4.0,1.0,1.0,3.0,2.0,4.0,2.0,4.0,3.0,2.0,4.0,4.0,4.0,4.0,4.0,5.0,2.0,4.0,4.0,4.0,3.0,1.0,2.0,2.0,2.0,2.0,1.0,1.0,1.0,1.0,1.0
赤池誠章,58,1,1.0,2.0,2.0,3.0,2.0,1.0,2.0,3.0,3.0,5.0,5.0,4.0,1.0,3.0,3.0,4.0,2.0,3.0,3.0,3.0,3.0,3.0,3.0,3.0,1.0,5.0,5.0,5.0,1.0,1.0,1.0,2.0,3.0,3.0
糸川正晃,44,1,1.0,2.0,3.0,4.0,2.0,2.0,3.0,2.0,2.0,3.0,2.0,2.0,2.0,3.0,2.0,3.0,4.0,2.0,3.0,3.0,5.0,5.0,4.0,3.0,1.0,3.0,3.0,3.0,4.0,1.0,1.0,2.0,3.0,3.0
井上義行,56,1,1.0,1.0,1.0,3.0,1.0,1.0,3.0,3.0,3.0,5.0,5.0,3.0,1.0,3.0,3.0,3.0,2.0,2.0,3.0,3.0,3.0,3.0,3.0,3.0,1.0,3.0,3.0,3.0,3.0,1.0,1.0,1.0,1.0,1.0
小川真史,63,1,3.0,4.0,5.0,4.0,2.0,2.0,2.0,1.0,1.0,2.0,3.0,3.0,3.0,2.0,4.0,3.0,4.0,2.0,1.0,2.0,4.0,1.0,3.0,3.0,3.0,1.0,3.0,2.0,3.0,2.0,1.0,4.0,3.0,5.0
角田充由,44,1,2.0,3.0,3.0,4.0,2.0,2.0,3.0,2.0,3.0,3.0,3.0,3.0,3.0,3.0,2.0,3.0,3.0,3.0,3.0,3.0,4.0,3.0,3.0,3.0,2.0,3.0,3.0,3.0,3.0,1.0,1.0,1.0,2.0,2.0
北村経夫,64,1,1.0,1.0,2.0,4.0,1.0,1.0,2.0,2.0,2.0,5.0,5.0,5.0,1.0,3.0,3.0,5.0,2.0,2.0,5.0,,,,,,1.0,5.0,5.0,5.0,5.0,1.0,1.0,1.0,1.0,1.0
木村義雄,71,1,1.0,,3.0,5.0,1.0,1.0,3.0,1.0,5.0,5.0,,,2.0,3.0,1.0,5.0,1.0,3.0,5.0,5.0,5.0,3.0,1.0,1.0,1.0,,,,,1.0,1.0,3.0,3.0,3.0
熊田篤嗣,48,1,2.0,3.0,2.0,3.0,2.0,3.0,1.0,1.0,3.0,5.0,5.0,3.0,2.0,3.0,2.0,4.0,3.0,3.0,5.0,5.0,3.0,3.0,4.0,2.0,1.0,4.0,5.0,4.0,4.0,2.0,1.0,2.0,1.0,2.0
佐藤信秋,71,1,1.0,3.0,3.0,4.0,1.0,1.0,3.0,3.0,2.0,3.0,3.0,5.0,1.0,2.0,2.0,4.0,2.0,4.0,5.0,3.0,3.0,5.0,1.0,1.0,,,,,,1.0,1.0,1.0,1.0,2.0
山東昭子,77,1,3.0,4.0,3.0,3.0,1.0,2.0,1.0,2.0,1.0,5.0,5.0,3.0,1.0,2.0,3.0,5.0,3.0,2.0,5.0,3.0,2.0,2.0,3.0,3.0,1.0,1.0,1.0,2.0,5.0,2.0,1.0,3.0,1.0,1.0
田中昌史,53,1,2.0,3.0,2.0,4.0,2.0,2.0,3.0,2.0,2.0,3.0,3.0,3.0,2.0,3.0,4.0,4.0,3.0,2.0,4.0,2.0,4.0,3.0,3.0,3.0,2.0,2.0,3.0,3.0,3.0,1.0,1.0,3.0,3.0,3.0
柘植芳文,73,1,2.0,1.0,2.0,3.0,1.0,1.0,1.0,1.0,3.0,2.0,1.0,1.0,1.0,5.0,4.0,3.0,2.0,2.0,5.0,2.0,5.0,3.0,4.0,5.0,2.0,3.0,3.0,3.0,3.0,2.0,1.0,2.0,3.0,4.0
中田宏,54,1,2.0,2.0,3.0,3.0,3.0,3.0,2.0,2.0,3.0,4.0,4.0,2.0,3.0,3.0,3.0,4.0,4.0,3.0,4.0,3.0,3.0,3.0,4.0,4.0,2.0,4.0,3.0,2.0,3.0,3.0,2.0,2.0,2.0,3.0
橋本聖子,54,1,1.0,3.0,3.0,3.0,2.0,3.0,3.0,2.0,3.0,3.0,2.0,2.0,2.0,3.0,2.0,4.0,4.0,2.0,5.0,2.0,3.0,3.0,4.0,3.0,1.0,2.0,5.0,3.0,2.0,2.0,2.0,2.0,2.0,2.0
比嘉奈津美,60,1,1.0,3.0,2.0,3.0,2.0,2.0,2.0,3.0,2.0,3.0,5.0,4.0,2.0,2.0,4.0,4.0,4.0,4.0,2.0,4.0,4.0,2.0,2.0,4.0,1.0,5.0,5.0,5.0,1.0,1.0,1.0,2.0,2.0,2.0
本田顕子,47,1,1.0,2.0,1.0,5.0,2.0,2.0,1.0,4.0,2.0,1.0,5.0,3.0,1.0,2.0,1.0,3.0,3.0,1.0,2.0,3.0,2.0,2.0,3.0,2.0,1.0,5.0,5.0,5.0,2.0,1.0,1.0,2.0,4.0,4.0
丸山和也,73,1,2.0,2.0,3.0,2.0,3.0,4.0,3.0,2.0,4.0,2.0,2.0,1.0,3.0,2.0,3.0,3.0,5.0,1.0,2.0,2.0,3.0,2.0,4.0,4.0,1.0,2.0,2.0,2.0,4.0,2.0,2.0,3.0,3.0,4.0
水口尚人,39,1,1.0,,3.0,5.0,1.0,1.0,1.0,3.0,,5.0,3.0,1.0,1.0,5.0,1.0,4.0,3.0,4.0,4.0,4.0,5.0,5.0,1.0,1.0,1.0,1.0,5.0,3.0,2.0,2.0,1.0,2.0,2.0,2.0
宮崎雅夫,55,1,2.0,3.0,2.0,3.0,2.0,2.0,3.0,3.0,3.0,3.0,3.0,3.0,2.0,3.0,2.0,4.0,3.0,3.0,4.0,3.0,3.0,4.0,3.0,3.0,1.0,3.0,3.0,3.0,3.0,1.0,1.0,1.0,1.0,1.0
宮本周司,48,1,2.0,3.0,2.0,4.0,2.0,2.0,3.0,3.0,3.0,3.0,3.0,3.0,3.0,3.0,2.0,4.0,3.0,3.0,4.0,4.0,3.0,4.0,3.0,3.0,2.0,3.0,3.0,3.0,3.0,1.0,1.0,1.0,1.0,1.0
森本勝也,43,1,1.0,3.0,3.0,3.0,1.0,1.0,1.0,1.0,3.0,1.0,3.0,5.0,1.0,3.0,2.0,2.0,1.0,1.0,5.0,1.0,1.0,1.0,3.0,2.0,1.0,5.0,5.0,1.0,1.0,3.0,1.0,2.0,2.0,2.0
山田俊男,72,1,4.0,5.0,5.0,5.0,1.0,2.0,5.0,2.0,5.0,5.0,5.0,1.0,5.0,5.0,4.0,2.0,1.0,4.0,5.0,5.0,2.0,5.0,1.0,2.0,5.0,1.0,3.0,3.0,3.0,2.0,2.0,2.0,2.0,5.0
山本左近,37,1,3.0,2.0,2.0,4.0,2.0,2.0,3.0,1.0,2.0,1.0,1.0,3.0,2.0,4.0,3.0,3.0,2.0,2.0,2.0,3.0,4.0,2.0,2.0,2.0,2.0,2.0,2.0,2.0,3.0,1.0,1.0,3.0,2.0,2.0
和田政宗,44,1,1.0,2.0,1.0,5.0,1.0,1.0,3.0,3.0,3.0,5.0,5.0,4.0,1.0,3.0,3.0,4.0,2.0,2.0,5.0,5.0,4.0,4.0,1.0,1.0,1.0,3.0,5.0,5.0,1.0,1.0,1.0,1.0,1.0,1.0
若松謙維,63,2,3.0,5.0,3.0,3.0,2.0,3.0,3.0,2.0,3.0,2.0,3.0,3.0,3.0,3.0,2.0,3.0,3.0,2.0,2.0,3.0,3.0,2.0,4.0,3.0,3.0,2.0,2.0,2.0,3.0,2.0,2.0,2.0,3.0,3.0
平木大作,44,2,3.0,5.0,3.0,5.0,2.0,2.0,2.0,2.0,3.0,1.0,1.0,3.0,3.0,3.0,4.0,4.0,3.0,2.0,2.0,1.0,3.0,2.0,2.0,3.0,3.0,2.0,2.0,2.0,3.0,2.0,1.0,3.0,3.0,4.0
新妻秀規,49,2,3.0,5.0,4.0,5.0,2.0,3.0,3.0,1.0,5.0,2.0,2.0,3.0,3.0,3.0,4.0,4.0,5.0,2.0,1.0,2.0,4.0,2.0,5.0,4.0,2.0,1.0,1.0,1.0,3.0,2.0,2.0,2.0,3.0,4.0
山本香苗,48,2,3.0,4.0,3.0,4.0,3.0,3.0,4.0,3.0,4.0,2.0,3.0,4.0,2.0,3.0,3.0,3.0,4.0,4.0,2.0,3.0,3.0,3.0,3.0,3.0,2.0,2.0,3.0,3.0,3.0,2.0,2.0,2.0,2.0,3.0
山本博司,64,2,3.0,4.0,2.0,4.0,3.0,2.0,3.0,2.0,3.0,3.0,3.0,3.0,3.0,4.0,3.0,4.0,3.0,3.0,3.0,3.0,3.0,3.0,4.0,3.0,2.0,3.0,3.0,3.0,3.0,2.0,2.0,2.0,2.0,2.0
塩田博昭,57,2,2.0,5.0,2.0,4.0,2.0,3.0,3.0,1.0,5.0,1.0,2.0,3.0,1.0,4.0,4.0,3.0,4.0,2.0,3.0,4.0,4.0,4.0,4.0,2.0,3.0,3.0,3.0,3.0,3.0,1.0,1.0,2.0,2.0,2.0
高橋次郎,51,2,3.0,5.0,2.0,4.0,3.0,3.0,3.0,1.0,4.0,1.0,2.0,3.0,1.0,3.0,4.0,3.0,4.0,2.0,3.0,4.0,4.0,4.0,4.0,2.0,3.0,3.0,3.0,3.0,3.0,1.0,2.0,2.0,2.0,2.0
塩崎剛,48,2,3.0,5.0,3.0,4.0,3.0,3.0,3.0,1.0,4.0,2.0,3.0,3.0,1.0,3.0,4.0,3.0,4.0,3.0,3.0,4.0,4.0,4.0,4.0,2.0,3.0,3.0,3.0,3.0,3.0,1.0,2.0,2.0,2.0,2.0
村中克也,47,2,3.0,5.0,3.0,4.0,3.0,3.0,3.0,1.0,4.0,1.0,3.0,3.0,1.0,3.0,4.0,3.0,4.0,2.0,3.0,4.0,4.0,4.0,4.0,2.0,3.0,3.0,3.0,3.0,3.0,1.0,1.0,2.0,2.0,2.0
角田健一郎,47,2,3.0,5.0,3.0,4.0,2.0,3.0,3.0,1.0,5.0,1.0,2.0,3.0,1.0,4.0,4.0,3.0,4.0,2.0,3.0,4.0,4.0,4.0,4.0,2.0,3.0,3.0,3.0,3.0,3.0,1.0,2.0,2.0,2.0,2.0
西田義光,42,2,3.0,5.0,2.0,4.0,2.0,4.0,3.0,1.0,4.0,1.0,2.0,3.0,1.0,3.0,4.0,3.0,4.0,2.0,3.0,4.0,4.0,4.0,4.0,2.0,3.0,3.0,3.0,3.0,3.0,1.0,1.0,2.0,2.0,2.0
国分隆作,41,2,3.0,5.0,3.0,4.0,3.0,3.0,3.0,1.0,4.0,2.0,2.0,3.0,1.0,3.0,4.0,3.0,4.0,3.0,3.0,4.0,4.0,4.0,4.0,2.0,3.0,3.0,3.0,3.0,3.0,1.0,1.0,2.0,2.0,2.0
竹島正人,41,2,2.0,5.0,3.0,4.0,3.0,3.0,3.0,1.0,4.0,1.0,2.0,3.0,1.0,4.0,4.0,3.0,4.0,2.0,3.0,4.0,4.0,4.0,4.0,2.0,3.0,3.0,3.0,3.0,3.0,1.0,1.0,2.0,2.0,2.0
坂本道応,40,2,2.0,5.0,2.0,4.0,4.0,3.0,3.0,1.0,4.0,1.0,2.0,3.0,1.0,4.0,4.0,4.0,4.0,2.0,3.0,4.0,4.0,4.0,4.0,2.0,3.0,3.0,3.0,3.0,3.0,1.0,2.0,2.0,2.0,2.0
藤井伸城,39,2,3.0,5.0,3.0,4.0,3.0,3.0,3.0,1.0,4.0,2.0,3.0,3.0,1.0,3.0,4.0,3.0,4.0,2.0,3.0,4.0,4.0,4.0,4.0,2.0,3.0,3.0,3.0,3.0,3.0,1.0,2.0,2.0,2.0,2.0
奈良直記,38,2,3.0,5.0,3.0,4.0,2.0,3.0,3.0,1.0,4.0,2.0,3.0,3.0,1.0,3.0,4.0,4.0,3.0,3.0,3.0,4.0,4.0,4.0,4.0,2.0,3.0,3.0,3.0,3.0,3.0,1.0,1.0,2.0,2.0,2.0
石川大我,45,4,4.0,5.0,4.0,4.0,3.0,2.0,3.0,2.0,4.0,1.0,1.0,2.0,3.0,4.0,2.0,1.0,4.0,3.0,2.0,5.0,4.0,4.0,3.0,5.0,4.0,2.0,2.0,2.0,3.0,5.0,4.0,4.0,4.0,5.0
市井紗耶香,35,4,3.0,5.0,3.0,4.0,3.0,3.0,3.0,3.0,5.0,1.0,1.0,3.0,3.0,3.0,3.0,1.0,3.0,3.0,3.0,5.0,4.0,4.0,3.0,3.0,4.0,2.0,2.0,2.0,4.0,4.0,3.0,3.0,3.0,5.0
今泉真緒,40,4,4.0,4.0,4.0,4.0,2.0,2.0,3.0,2.0,4.0,1.0,1.0,3.0,5.0,4.0,3.0,1.0,2.0,3.0,2.0,4.0,4.0,3.0,2.0,2.0,3.0,2.0,2.0,3.0,3.0,4.0,4.0,4.0,4.0,5.0
奥村政佳,41,4,3.0,4.0,4.0,4.0,3.0,3.0,3.0,2.0,4.0,1.0,1.0,2.0,3.0,4.0,2.0,1.0,3.0,3.0,2.0,5.0,4.0,3.0,3.0,3.0,4.0,2.0,2.0,2.0,5.0,4.0,4.0,3.0,3.0,5.0
小沢雅仁,53,4,5.0,5.0,5.0,4.0,2.0,4.0,3.0,2.0,5.0,1.0,2.0,3.0,3.0,4.0,2.0,1.0,5.0,4.0,2.0,5.0,5.0,5.0,4.0,4.0,4.0,2.0,2.0,2.0,5.0,5.0,5.0,5.0,5.0,5.0
おしどりマコ,44,4,5.0,5.0,5.0,5.0,3.0,2.0,3.0,3.0,5.0,1.0,1.0,1.0,5.0,5.0,2.0,1.0,2.0,4.0,2.0,5.0,5.0,4.0,2.0,2.0,4.0,2.0,3.0,3.0,3.0,5.0,5.0,5.0,5.0,5.0
小俣一平,67,4,5.0,5.0,5.0,5.0,4.0,5.0,4.0,3.0,5.0,1.0,1.0,2.0,5.0,5.0,2.0,1.0,5.0,5.0,4.0,5.0,5.0,4.0,5.0,5.0,5.0,1.0,1.0,1.0,5.0,5.0,5.0,5.0,5.0,5.0
川田龍平,43,4,5.0,5.0,4.0,5.0,1.0,1.0,5.0,3.0,5.0,1.0,1.0,1.0,5.0,5.0,1.0,1.0,1.0,5.0,3.0,5.0,5.0,5.0,1.0,3.0,5.0,1.0,1.0,3.0,3.0,5.0,5.0,5.0,5.0,5.0
岸真紀子,43,4,5.0,5.0,5.0,5.0,2.0,3.0,4.0,2.0,5.0,1.0,1.0,3.0,5.0,5.0,3.0,1.0,4.0,5.0,2.0,2.0,4.0,4.0,4.0,4.0,4.0,3.0,3.0,3.0,3.0,5.0,5.0,5.0,5.0,5.0
斉藤里恵,35,4,4.0,5.0,4.0,5.0,4.0,2.0,3.0,2.0,1.0,1.0,1.0,2.0,2.0,1.0,2.0,1.0,5.0,1.0,2.0,5.0,3.0,4.0,3.0,4.0,1.0,1.0,1.0,1.0,3.0,4.0,2.0,4.0,5.0,5.0
佐藤香,51,4,5.0,5.0,5.0,5.0,2.0,3.0,3.0,2.0,5.0,1.0,1.0,3.0,5.0,5.0,1.0,1.0,5.0,5.0,3.0,5.0,5.0,5.0,5.0,5.0,4.0,1.0,5.0,5.0,5.0,5.0,5.0,5.0,5.0,5.0
塩見俊次,70,4,5.0,5.0,5.0,2.0,2.0,4.0,4.0,5.0,5.0,1.0,1.0,1.0,5.0,5.0,4.0,1.0,3.0,4.0,3.0,3.0,5.0,3.0,3.0,4.0,5.0,1.0,2.0,2.0,5.0,5.0,5.0,5.0,5.0,5.0
白沢みき,52,4,5.0,5.0,4.0,3.0,2.0,4.0,1.0,1.0,5.0,1.0,1.0,2.0,5.0,5.0,2.0,2.0,4.0,1.0,2.0,4.0,3.0,2.0,5.0,4.0,5.0,2.0,2.0,2.0,5.0,4.0,4.0,4.0,4.0,5.0
須藤元気,41,4,4.0,4.0,5.0,3.0,3.0,3.0,3.0,2.0,3.0,2.0,2.0,3.0,3.0,3.0,3.0,1.0,3.0,2.0,2.0,5.0,3.0,3.0,3.0,3.0,3.0,1.0,1.0,3.0,3.0,4.0,4.0,4.0,4.0,4.0
中村起子,54,4,3.0,5.0,2.0,4.0,2.0,2.0,2.0,4.0,5.0,1.0,2.0,1.0,4.0,5.0,1.0,2.0,2.0,4.0,4.0,1.0,2.0,3.0,2.0,4.0,2.0,1.0,2.0,2.0,1.0,5.0,4.0,5.0,4.0,5.0
深貝亨,65,4,4.0,5.0,5.0,2.0,5.0,5.0,3.0,2.0,4.0,2.0,3.0,2.0,5.0,5.0,3.0,1.0,5.0,2.0,1.0,4.0,1.0,2.0,5.0,5.0,4.0,1.0,2.0,2.0,5.0,5.0,4.0,5.0,5.0,5.0
藤田幸久,69,4,4.0,5.0,4.0,4.0,2.0,3.0,4.0,2.0,5.0,1.0,1.0,2.0,3.0,4.0,2.0,2.0,4.0,4.0,3.0,4.0,4.0,3.0,2.0,4.0,4.0,1.0,2.0,2.0,2.0,4.0,4.0,4.0,4.0,5.0
真野哲,58,4,4.0,5.0,4.0,4.0,2.0,4.0,1.0,4.0,4.0,2.0,2.0,3.0,4.0,4.0,4.0,2.0,4.0,3.0,4.0,5.0,4.0,4.0,4.0,4.0,3.0,2.0,4.0,4.0,4.0,4.0,4.0,5.0,4.0,5.0
水岡俊一,63,4,5.0,5.0,5.0,5.0,2.0,4.0,3.0,4.0,5.0,1.0,1.0,2.0,4.0,4.0,3.0,1.0,4.0,3.0,4.0,4.0,4.0,3.0,4.0,4.0,5.0,2.0,3.0,3.0,3.0,5.0,5.0,5.0,5.0,5.0
森屋隆,52,4,5.0,5.0,5.0,4.0,3.0,3.0,3.0,3.0,5.0,1.0,3.0,3.0,4.0,4.0,3.0,2.0,4.0,4.0,4.0,3.0,4.0,4.0,3.0,3.0,4.0,3.0,3.0,3.0,3.0,5.0,4.0,4.0,4.0,5.0
若林智子,57,4,5.0,5.0,5.0,4.0,2.0,1.0,4.0,3.0,5.0,1.0,1.0,1.0,5.0,5.0,2.0,1.0,2.0,2.0,3.0,4.0,5.0,4.0,3.0,2.0,4.0,1.0,1.0,3.0,5.0,4.0,5.0,5.0,5.0,5.0
石上俊雄,57,5,3.0,5.0,3.0,4.0,3.0,4.0,3.0,3.0,3.0,2.0,2.0,4.0,4.0,4.0,2.0,4.0,4.0,3.0,3.0,3.0,3.0,3.0,3.0,3.0,3.0,2.0,3.0,3.0,3.0,4.0,4.0,4.0,4.0,5.0
礒崎哲史,50,5,3.0,3.0,2.0,4.0,3.0,2.0,2.0,3.0,3.0,3.0,3.0,2.0,4.0,3.0,4.0,3.0,3.0,2.0,4.0,2.0,3.0,2.0,4.0,3.0,3.0,3.0,3.0,3.0,3.0,5.0,4.0,3.0,3.0,5.0
小山田経子,41,5,4.0,5.0,4.0,5.0,2.0,2.0,2.0,2.0,2.0,1.0,1.0,2.0,4.0,4.0,2.0,2.0,3.0,4.0,2.0,4.0,4.0,4.0,3.0,3.0,4.0,2.0,2.0,3.0,4.0,4.0,4.0,3.0,3.0,5.0
酒井亮介,47,5,2.0,3.0,2.0,4.0,2.0,2.0,1.0,3.0,4.0,1.0,2.0,3.0,4.0,3.0,2.0,3.0,2.0,1.0,1.0,3.0,2.0,1.0,2.0,2.0,2.0,3.0,4.0,3.0,4.0,5.0,4.0,5.0,5.0,5.0
鈴木覚,40,5,1.0,5.0,3.0,4.0,4.0,2.0,3.0,2.0,3.0,1.0,2.0,3.0,2.0,3.0,3.0,3.0,4.0,2.0,3.0,3.0,4.0,2.0,3.0,3.0,3.0,1.0,3.0,1.0,3.0,5.0,5.0,5.0,5.0,5.0
田中久弥,60,5,3.0,3.0,3.0,3.0,2.0,3.0,4.0,3.0,3.0,2.0,3.0,3.0,3.0,5.0,3.0,3.0,4.0,3.0,3.0,3.0,3.0,3.0,3.0,3.0,3.0,2.0,4.0,2.0,2.0,5.0,4.0,4.0,3.0,5.0
田村麻美,43,5,2.0,4.0,3.0,4.0,4.0,3.0,2.0,5.0,3.0,2.0,3.0,1.0,3.0,3.0,4.0,3.0,4.0,3.0,4.0,2.0,4.0,2.0,4.0,5.0,2.0,1.0,5.0,1.0,1.0,4.0,2.0,5.0,2.0,5.0
中沢健,64,5,3.0,5.0,4.0,5.0,3.0,3.0,2.0,2.0,3.0,2.0,3.0,2.0,4.0,4.0,2.0,4.0,5.0,4.0,1.0,1.0,3.0,3.0,4.0,4.0,,2.0,2.0,2.0,3.0,5.0,4.0,4.0,4.0,5.0
浜野喜史,58,5,3.0,3.0,3.0,3.0,3.0,3.0,3.0,3.0,3.0,3.0,3.0,3.0,3.0,3.0,3.0,5.0,3.0,3.0,3.0,3.0,3.0,3.0,3.0,3.0,3.0,3.0,3.0,3.0,3.0,3.0,3.0,3.0,3.0,3.0
姫井由美子,60,5,4.0,5.0,4.0,2.0,4.0,4.0,1.0,2.0,4.0,1.0,1.0,1.0,5.0,5.0,5.0,1.0,5.0,2.0,3.0,5.0,3.0,3.0,5.0,2.0,2.0,1.0,1.0,2.0,4.0,3.0,3.0,3.0,4.0,4.0
藤川武人,50,5,1.0,5.0,3.0,4.0,4.0,2.0,3.0,2.0,3.0,1.0,2.0,3.0,2.0,3.0,3.0,3.0,4.0,2.0,3.0,3.0,4.0,2.0,3.0,3.0,3.0,1.0,3.0,1.0,3.0,5.0,5.0,5.0,5.0,5.0
円より子,72,5,3.0,5.0,2.0,3.0,2.0,3.0,2.0,2.0,3.0,1.0,3.0,2.0,3.0,3.0,3.0,3.0,3.0,3.0,1.0,4.0,3.0,2.0,3.0,4.0,4.0,1.0,1.0,1.0,3.0,4.0,4.0,4.0,4.0,4.0
山下容子,60,5,3.0,4.0,3.0,4.0,2.0,3.0,3.0,3.0,2.0,1.0,2.0,2.0,4.0,4.0,3.0,1.0,5.0,3.0,4.0,4.0,4.0,3.0,3.0,4.0,4.0,1.0,1.0,1.0,5.0,4.0,3.0,3.0,4.0,4.0
小池晃,59,6,4.0,5.0,5.0,5.0,2.0,2.0,5.0,4.0,5.0,1.0,1.0,4.0,5.0,3.0,2.0,1.0,3.0,4.0,3.0,5.0,5.0,5.0,3.0,5.0,5.0,1.0,1.0,1.0,5.0,5.0,5.0,5.0,5.0,5.0
山下芳生,59,6,5.0,5.0,5.0,5.0,2.0,3.0,5.0,3.0,5.0,1.0,1.0,5.0,5.0,5.0,1.0,1.0,4.0,5.0,3.0,5.0,5.0,5.0,3.0,5.0,5.0,1.0,1.0,2.0,4.0,5.0,5.0,5.0,5.0,5.0
紙智子,64,6,5.0,5.0,5.0,5.0,2.0,2.0,5.0,4.0,5.0,1.0,1.0,5.0,,5.0,1.0,1.0,4.0,5.0,,5.0,5.0,5.0,3.0,5.0,5.0,1.0,2.0,3.0,5.0,5.0,5.0,5.0,5.0,5.0
井上哲士,61,6,5.0,5.0,5.0,5.0,2.0,2.0,5.0,,5.0,1.0,1.0,5.0,5.0,5.0,1.0,1.0,5.0,5.0,,5.0,5.0,5.0,2.0,5.0,5.0,1.0,1.0,1.0,5.0,5.0,5.0,5.0,5.0,5.0
仁比聡平,55,6,5.0,5.0,5.0,5.0,2.0,3.0,5.0,3.0,5.0,1.0,1.0,5.0,5.0,5.0,1.0,1.0,4.0,5.0,3.0,5.0,5.0,5.0,3.0,5.0,5.0,1.0,1.0,2.0,4.0,5.0,5.0,5.0,5.0,5.0
梅村早江子,55,6,5.0,5.0,5.0,5.0,2.0,3.0,5.0,3.0,5.0,1.0,1.0,5.0,5.0,5.0,1.0,1.0,4.0,5.0,3.0,5.0,5.0,5.0,3.0,5.0,5.0,1.0,1.0,2.0,4.0,5.0,5.0,5.0,5.0,5.0
椎葉寿幸,42,6,5.0,5.0,5.0,5.0,2.0,3.0,5.0,3.0,5.0,1.0,1.0,5.0,5.0,5.0,1.0,1.0,4.0,5.0,3.0,5.0,5.0,5.0,3.0,5.0,5.0,1.0,1.0,1.0,5.0,5.0,5.0,5.0,5.0,5.0
青山了介,44,6,5.0,5.0,5.0,5.0,3.0,2.0,4.0,3.0,5.0,1.0,1.0,3.0,5.0,5.0,2.0,1.0,5.0,5.0,3.0,5.0,5.0,4.0,4.0,5.0,5.0,1.0,1.0,3.0,3.0,5.0,5.0,5.0,5.0,5.0
有坂ちひろ,44,6,5.0,5.0,5.0,5.0,3.0,3.0,5.0,5.0,4.0,1.0,1.0,3.0,5.0,5.0,1.0,1.0,5.0,5.0,3.0,5.0,5.0,5.0,5.0,5.0,5.0,1.0,1.0,1.0,3.0,5.0,5.0,5.0,5.0,5.0
伊藤達也,36,6,5.0,5.0,4.0,5.0,3.0,1.0,5.0,3.0,5.0,1.0,1.0,3.0,5.0,5.0,1.0,1.0,5.0,5.0,3.0,5.0,5.0,5.0,5.0,5.0,5.0,1.0,1.0,1.0,5.0,5.0,5.0,5.0,5.0,5.0
伊藤理智子,58,6,5.0,5.0,5.0,5.0,2.0,3.0,5.0,3.0,5.0,1.0,1.0,3.0,5.0,4.0,1.0,1.0,5.0,5.0,3.0,5.0,5.0,5.0,4.0,5.0,5.0,1.0,1.0,1.0,5.0,5.0,5.0,5.0,5.0,5.0
大野聖美,34,6,5.0,5.0,4.0,5.0,2.0,3.0,5.0,3.0,5.0,1.0,1.0,3.0,4.0,4.0,1.0,1.0,4.0,4.0,3.0,5.0,5.0,5.0,3.0,5.0,5.0,1.0,1.0,1.0,3.0,5.0,5.0,5.0,5.0,5.0
鎌野祥二,51,6,5.0,5.0,5.0,5.0,2.0,3.0,5.0,3.0,5.0,1.0,1.0,5.0,5.0,5.0,1.0,1.0,4.0,5.0,3.0,5.0,5.0,5.0,3.0,5.0,5.0,1.0,1.0,1.0,5.0,5.0,5.0,5.0,5.0,5.0
小久保剛志,44,6,5.0,5.0,5.0,5.0,2.0,3.0,5.0,3.0,5.0,1.0,1.0,5.0,5.0,5.0,1.0,1.0,4.0,5.0,3.0,5.0,5.0,5.0,3.0,5.0,5.0,1.0,1.0,2.0,4.0,5.0,5.0,5.0,5.0,5.0
佐藤ちひろ,39,6,5.0,5.0,5.0,5.0,2.0,3.0,5.0,3.0,5.0,1.0,1.0,5.0,5.0,5.0,1.0,1.0,4.0,5.0,3.0,5.0,5.0,5.0,3.0,5.0,5.0,1.0,1.0,2.0,5.0,5.0,5.0,5.0,5.0,5.0
島袋恵祐,32,6,5.0,5.0,5.0,5.0,3.0,1.0,5.0,3.0,5.0,1.0,1.0,4.0,5.0,5.0,1.0,1.0,3.0,5.0,3.0,5.0,5.0,5.0,3.0,5.0,5.0,1.0,1.0,1.0,5.0,5.0,5.0,5.0,5.0,5.0
下奥奈歩,32,6,5.0,5.0,5.0,5.0,2.0,3.0,5.0,3.0,5.0,1.0,1.0,5.0,5.0,5.0,1.0,1.0,4.0,5.0,3.0,5.0,5.0,5.0,3.0,5.0,5.0,1.0,1.0,2.0,4.0,5.0,5.0,5.0,5.0,5.0
住寄聡美,36,6,5.0,5.0,5.0,5.0,2.0,1.0,5.0,4.0,5.0,1.0,1.0,3.0,5.0,5.0,1.0,1.0,5.0,5.0,2.0,5.0,5.0,5.0,5.0,5.0,5.0,2.0,2.0,2.0,4.0,5.0,5.0,5.0,5.0,5.0
田辺健一,38,6,5.0,5.0,5.0,5.0,1.0,3.0,5.0,4.0,5.0,1.0,1.0,5.0,5.0,5.0,1.0,1.0,3.0,3.0,3.0,5.0,5.0,5.0,3.0,5.0,5.0,1.0,3.0,1.0,5.0,5.0,5.0,5.0,5.0,5.0
沼上徳光,33,6,5.0,5.0,5.0,5.0,2.0,3.0,5.0,3.0,5.0,1.0,1.0,5.0,5.0,5.0,1.0,1.0,4.0,5.0,3.0,5.0,5.0,5.0,3.0,5.0,5.0,1.0,1.0,1.0,5.0,5.0,5.0,5.0,5.0,5.0
原純子,54,6,5.0,5.0,5.0,5.0,2.0,3.0,5.0,3.0,5.0,1.0,1.0,5.0,5.0,5.0,1.0,1.0,4.0,5.0,3.0,5.0,5.0,5.0,3.0,5.0,5.0,1.0,1.0,1.0,5.0,5.0,5.0,5.0,5.0,5.0
藤本友里,40,6,5.0,5.0,5.0,5.0,3.0,5.0,5.0,3.0,5.0,,1.0,,5.0,5.0,1.0,1.0,,5.0,1.0,5.0,5.0,5.0,,5.0,5.0,1.0,3.0,,,5.0,5.0,5.0,5.0,5.0
舩山由美,51,6,5.0,5.0,5.0,5.0,2.0,3.0,5.0,3.0,5.0,1.0,1.0,5.0,5.0,5.0,1.0,1.0,4.0,5.0,3.0,5.0,5.0,5.0,3.0,5.0,5.0,1.0,1.0,1.0,5.0,5.0,4.0,5.0,4.0,5.0
松崎真琴,61,6,5.0,5.0,5.0,5.0,3.0,3.0,5.0,2.0,5.0,1.0,1.0,3.0,5.0,5.0,1.0,1.0,5.0,5.0,2.0,5.0,5.0,5.0,5.0,5.0,5.0,1.0,1.0,1.0,3.0,5.0,5.0,5.0,5.0,5.0
山本千代子,70,6,5.0,5.0,5.0,5.0,2.0,3.0,5.0,4.0,5.0,1.0,3.0,5.0,5.0,5.0,1.0,1.0,5.0,5.0,3.0,5.0,5.0,4.0,5.0,5.0,5.0,2.0,4.0,3.0,2.0,5.0,5.0,5.0,5.0,5.0
山本訓子,33,6,5.0,5.0,5.0,5.0,1.0,1.0,4.0,3.0,5.0,1.0,1.0,2.0,5.0,5.0,1.0,1.0,3.0,4.0,3.0,5.0,5.0,4.0,3.0,4.0,5.0,1.0,1.0,3.0,3.0,5.0,5.0,5.0,5.0,5.0
室井邦彦,72,7,1.0,3.0,2.0,4.0,4.0,3.0,1.0,2.0,2.0,2.0,3.0,2.0,3.0,3.0,3.0,3.0,3.0,1.0,1.0,4.0,2.0,1.0,2.0,3.0,1.0,,,,,4.0,1.0,2.0,1.0,5.0
藤巻健史,69,7,1.0,3.0,2.0,4.0,4.0,5.0,1.0,3.0,2.0,2.0,3.0,2.0,3.0,2.0,3.0,3.0,5.0,1.0,1.0,3.0,2.0,1.0,5.0,5.0,1.0,,,,,5.0,1.0,2.0,1.0,5.0
山口和之,63,7,3.0,3.0,3.0,4.0,4.0,3.0,2.0,2.0,3.0,1.0,2.0,1.0,3.0,3.0,3.0,2.0,3.0,1.0,1.0,4.0,3.0,2.0,2.0,3.0,2.0,,,,,3.0,2.0,2.0,2.0,5.0
鈴木宗男,71,7,1.0,3.0,2.0,4.0,4.0,3.0,1.0,2.0,2.0,2.0,3.0,2.0,3.0,3.0,3.0,3.0,3.0,1.0,1.0,4.0,2.0,1.0,2.0,3.0,1.0,3.0,3.0,3.0,3.0,4.0,1.0,2.0,1.0,5.0
梅村聡,44,7,2.0,3.0,3.0,3.0,2.0,2.0,2.0,3.0,3.0,3.0,5.0,2.0,2.0,2.0,4.0,3.0,2.0,3.0,3.0,3.0,4.0,2.0,2.0,2.0,2.0,5.0,5.0,4.0,3.0,2.0,2.0,3.0,3.0,3.0
柴田巧,58,7,1.0,3.0,2.0,4.0,4.0,3.0,1.0,2.0,2.0,2.0,3.0,2.0,3.0,3.0,3.0,3.0,3.0,1.0,1.0,4.0,2.0,1.0,2.0,3.0,1.0,,,,,4.0,1.0,2.0,1.0,5.0
空本誠喜,55,7,3.0,4.0,2.0,3.0,1.0,1.0,4.0,3.0,3.0,1.0,4.0,2.0,3.0,4.0,2.0,4.0,3.0,2.0,5.0,5.0,3.0,3.0,4.0,4.0,1.0,4.0,5.0,2.0,2.0,4.0,3.0,4.0,3.0,5.0
荒木大樹,48,7,2.0,3.0,4.0,3.0,2.0,1.0,1.0,4.0,5.0,1.0,1.0,3.0,5.0,5.0,5.0,1.0,1.0,2.0,3.0,5.0,5.0,4.0,3.0,1.0,1.0,1.0,1.0,1.0,3.0,4.0,3.0,4.0,2.0,5.0
岩渕美智子,63,7,3.0,3.0,3.0,3.0,3.0,3.0,2.0,3.0,3.0,3.0,3.0,3.0,3.0,3.0,3.0,3.0,4.0,2.0,3.0,3.0,3.0,2.0,3.0,3.0,1.0,3.0,3.0,3.0,3.0,4.0,3.0,3.0,3.0,4.0
奥田真理,36,7,3.0,3.0,4.0,4.0,2.0,3.0,3.0,3.0,3.0,4.0,4.0,4.0,3.0,2.0,2.0,4.0,3.0,3.0,4.0,4.0,3.0,3.0,3.0,3.0,2.0,3.0,3.0,3.0,3.0,3.0,2.0,3.0,3.0,4.0
桑原久美子,33,7,2.0,3.0,2.0,2.0,3.0,4.0,1.0,2.0,2.0,1.0,1.0,2.0,1.0,2.0,5.0,2.0,4.0,1.0,1.0,5.0,2.0,2.0,4.0,3.0,1.0,1.0,3.0,2.0,3.0,4.0,2.0,4.0,4.0,5.0
森口あゆみ,54,7,3.0,3.0,3.0,2.0,3.0,1.0,1.0,4.0,4.0,1.0,4.0,3.0,3.0,4.0,3.0,1.0,2.0,3.0,1.0,5.0,4.0,2.0,2.0,2.0,1.0,3.0,3.0,3.0,2.0,4.0,3.0,5.0,5.0,5.0
柳ケ瀬裕文,44,7,1.0,3.0,2.0,2.0,4.0,4.0,1.0,2.0,2.0,2.0,3.0,2.0,3.0,3.0,3.0,3.0,3.0,1.0,1.0,5.0,1.0,1.0,5.0,4.0,2.0,2.0,3.0,3.0,3.0,4.0,1.0,2.0,1.0,5.0
吉田忠智,63,9,5.0,5.0,5.0,5.0,2.0,2.0,5.0,2.0,5.0,1.0,1.0,1.0,5.0,5.0,1.0,1.0,4.0,5.0,3.0,5.0,5.0,3.0,3.0,4.0,5.0,1.0,1.0,1.0,3.0,5.0,5.0,5.0,5.0,5.0
仲村未央,47,9,5.0,5.0,5.0,5.0,2.0,2.0,5.0,1.0,5.0,1.0,1.0,1.0,5.0,5.0,1.0,1.0,4.0,5.0,3.0,5.0,5.0,5.0,3.0,3.0,5.0,1.0,1.0,1.0,4.0,5.0,5.0,5.0,5.0,5.0
大椿裕子,45,9,5.0,5.0,5.0,4.0,3.0,2.0,4.0,3.0,5.0,1.0,1.0,2.0,5.0,5.0,2.0,1.0,3.0,5.0,3.0,5.0,5.0,4.0,3.0,4.0,5.0,3.0,3.0,3.0,5.0,5.0,5.0,5.0,5.0,5.0
矢野敦子,51,9,5.0,5.0,5.0,5.0,2.0,2.0,5.0,1.0,5.0,1.0,1.0,1.0,5.0,5.0,1.0,1.0,4.0,5.0,3.0,5.0,5.0,5.0,5.0,5.0,5.0,1.0,1.0,1.0,4.0,5.0,5.0,5.0,5.0,5.0
舩後靖彦,61,10,5.0,5.0,5.0,5.0,1.0,1.0,5.0,3.0,5.0,1.0,1.0,1.0,5.0,5.0,1.0,1.0,1.0,5.0,3.0,5.0,5.0,5.0,1.0,1.0,3.0,1.0,1.0,1.0,5.0,4.0,5.0,5.0,5.0,5.0
木村英子,54,10,5.0,5.0,5.0,5.0,3.0,1.0,3.0,3.0,5.0,1.0,1.0,1.0,5.0,5.0,1.0,1.0,1.0,4.0,3.0,5.0,5.0,5.0,1.0,1.0,5.0,1.0,1.0,3.0,3.0,5.0,4.0,3.0,5.0,5.0
山本太郎,44,10,5.0,5.0,5.0,5.0,1.0,1.0,5.0,5.0,5.0,1.0,1.0,1.0,5.0,5.0,1.0,1.0,1.0,5.0,3.0,5.0,5.0,5.0,1.0,1.0,3.0,1.0,1.0,1.0,5.0,4.0,5.0,5.0,5.0,5.0
蓮池透,64,10,5.0,5.0,5.0,5.0,1.0,1.0,3.0,5.0,5.0,1.0,1.0,1.0,5.0,5.0,2.0,1.0,1.0,1.0,1.0,5.0,5.0,5.0,1.0,3.0,5.0,1.0,1.0,1.0,3.0,5.0,5.0,5.0,5.0,5.0
三井義文,62,10,5.0,5.0,5.0,5.0,1.0,1.0,5.0,5.0,5.0,1.0,1.0,1.0,5.0,5.0,1.0,1.0,1.0,5.0,3.0,5.0,5.0,5.0,1.0,1.0,5.0,1.0,1.0,1.0,5.0,5.0,5.0,5.0,5.0,5.0
辻村千尋,51,10,5.0,5.0,5.0,5.0,1.0,1.0,5.0,5.0,5.0,1.0,1.0,1.0,5.0,5.0,1.0,1.0,1.0,5.0,3.0,5.0,5.0,5.0,1.0,1.0,3.0,1.0,1.0,1.0,5.0,4.0,5.0,5.0,5.0,5.0
大西恒樹,55,10,5.0,5.0,5.0,5.0,2.0,1.0,3.0,4.0,5.0,1.0,4.0,1.0,5.0,5.0,1.0,1.0,1.0,4.0,2.0,5.0,5.0,5.0,1.0,1.0,4.0,3.0,3.0,3.0,3.0,5.0,5.0,5.0,5.0,5.0
渡辺照子,60,10,5.0,5.0,5.0,5.0,1.0,1.0,5.0,5.0,5.0,1.0,1.0,1.0,5.0,5.0,1.0,1.0,1.0,5.0,3.0,5.0,5.0,5.0,1.0,1.0,5.0,1.0,1.0,1.0,5.0,5.0,5.0,5.0,5.0,5.0
釈量子,49,11,1.0,2.0,2.0,1.0,2.0,2.0,2.0,2.0,4.0,4.0,5.0,3.0,2.0,2.0,1.0,5.0,3.0,1.0,3.0,5.0,2.0,2.0,2.0,2.0,1.0,3.0,4.0,4.0,2.0,3.0,2.0,2.0,2.0,3.0
松島弘典,62,11,1.0,1.0,1.0,1.0,1.0,2.0,1.0,2.0,5.0,5.0,5.0,3.0,1.0,1.0,1.0,5.0,3.0,1.0,3.0,5.0,1.0,1.0,1.0,1.0,1.0,3.0,5.0,5.0,1.0,4.0,5.0,5.0,5.0,5.0
及川幸久,59,11,1.0,3.0,3.0,3.0,3.0,4.0,3.0,3.0,,3.0,3.0,3.0,2.0,3.0,3.0,5.0,3.0,1.0,3.0,5.0,3.0,3.0,2.0,3.0,1.0,3.0,3.0,3.0,3.0,5.0,4.0,5.0,4.0,4.0
立花孝志,51,13,3.0,3.0,3.0,3.0,3.0,3.0,3.0,3.0,3.0,3.0,3.0,3.0,3.0,3.0,3.0,3.0,3.0,3.0,3.0,3.0,3.0,3.0,3.0,3.0,3.0,3.0,3.0,3.0,3.0,3.0,3.0,3.0,3.0,3.0
浜田聡,42,13,1.0,3.0,1.0,5.0,1.0,1.0,3.0,4.0,3.0,3.0,3.0,5.0,2.0,3.0,4.0,5.0,1.0,2.0,5.0,5.0,3.0,3.0,1.0,1.0,2.0,3.0,5.0,5.0,1.0,1.0,2.0,2.0,2.0,3.0
岡本介伸,48,13,3.0,3.0,3.0,4.0,3.0,2.0,3.0,5.0,5.0,3.0,3.0,3.0,3.0,4.0,2.0,3.0,3.0,4.0,2.0,5.0,5.0,3.0,2.0,3.0,3.0,3.0,3.0,3.0,3.0,4.0,4.0,5.0,4.0,5.0
熊丸英治,49,13,1.0,2.0,3.0,3.0,2.0,3.0,2.0,2.0,5.0,1.0,1.0,1.0,3.0,2.0,4.0,5.0,2.0,1.0,2.0,1.0,2.0,3.0,3.0,1.0,1.0,2.0,2.0,2.0,2.0,2.0,2.0,3.0,3.0,3.0
伊藤恵子,72,12,5.0,3.0,5.0,2.0,3.0,5.0,2.0,2.0,5.0,1.0,2.0,2.0,5.0,5.0,4.0,4.0,5.0,3.0,2.0,5.0,5.0,3.0,3.0,4.0,2.0,2.0,2.0,3.0,5.0,5.0,5.0,5.0,5.0,5.0
林紘義,80,12,5.0,5.0,5.0,4.0,2.0,4.0,3.0,1.0,5.0,1.0,1.0,4.0,4.0,4.0,4.0,2.0,5.0,4.0,3.0,5.0,5.0,3.0,5.0,5.0,1.0,2.0,2.0,5.0,5.0,5.0,5.0,5.0,5.0,5.0
菊池里志,77,12,5.0,5.0,3.0,3.0,3.0,4.0,2.0,2.0,5.0,1.0,2.0,4.0,4.0,4.0,4.0,2.0,5.0,2.0,1.0,5.0,4.0,4.0,5.0,5.0,1.0,1.0,1.0,5.0,5.0,5.0,5.0,5.0,5.0,5.0
吉村二三男,65,12,5.0,3.0,5.0,3.0,3.0,5.0,3.0,3.0,5.0,1.0,1.0,5.0,5.0,5.0,5.0,1.0,5.0,3.0,1.0,5.0,5.0,1.0,5.0,5.0,1.0,2.0,2.0,5.0,5.0,5.0,5.0,5.0,5.0,5.0
黒川敦彦,40,15,4.0,5.0,5.0,5.0,5.0,1.0,4.0,5.0,5.0,1.0,1.0,1.0,5.0,4.0,2.0,1.0,3.0,4.0,4.0,5.0,3.0,2.0,2.0,2.0,3.0,1.0,1.0,2.0,3.0,5.0,5.0,4.0,5.0,5.0
天木直人,72,15,3.0,4.0,4.0,2.0,1.0,3.0,4.0,4.0,3.0,3.0,4.0,2.0,5.0,5.0,4.0,1.0,5.0,4.0,4.0,5.0,5.0,2.0,3.0,3.0,5.0,1.0,1.0,1.0,1.0,2.0,5.0,5.0,5.0,5.0
小川学,56,15,3.0,5.0,2.0,4.0,4.0,3.0,2.0,5.0,4.0,3.0,3.0,2.0,3.0,5.0,2.0,1.0,5.0,2.0,2.0,5.0,5.0,4.0,3.0,3.0,5.0,2.0,2.0,2.0,3.0,2.0,3.0,5.0,3.0,5.0
若林亜紀,53,15,4.0,4.0,4.0,2.0,4.0,5.0,1.0,4.0,4.0,1.0,1.0,1.0,5.0,4.0,4.0,2.0,5.0,3.0,1.0,5.0,1.0,2.0,5.0,5.0,5.0,2.0,2.0,2.0,2.0,4.0,4.0,4.0,2.0,5.0
佐野秀光,48,16,3.0,3.0,3.0,3.0,3.0,3.0,3.0,3.0,3.0,3.0,3.0,3.0,3.0,3.0,3.0,3.0,3.0,3.0,3.0,3.0,3.0,3.0,3.0,3.0,3.0,3.0,3.0,3.0,3.0,3.0,3.0,3.0,3.0,3.0
