ID,Name,Age,Party,Block,Support,INCUMB,Q4_1,Q4_2,Q4_3,Q4_4,Q4_5,Q4_6,Q4_7,Q4_8,Q4_9,Q4_10,Q4_11,Q4_12,Q5_1,Q5_2,Q5_3,Q5_4,Q5_5,Q5_6,Q5_7,Q6_1,Q6_2,Q6_3,Q6_4,Q6_5,Q7,SQ7_1,SQ7_2,SQ7_3,SQ7_4,SQ7_5,SQ7_6,SQ7_7,SQ7_8,SQ7_9,SQ7_10,SQ7_11,SQ7_12,SQ7_13,SQ7_14,SQ7_15,SQ7_16,Q8_1,Q8_2,Q8_3,Q8_4,Q9_1,Q9_2,Q9_3,Q9_4,Q9_5
000019WO,森山佳則,52,11,1,0,1,1,1,1,3,1,1,2,2,3,3,5,3,1,1,2,5,1,1,3,5,3,3,1,1,1,1,1,0,0,0,0,0,0,0,0,0,0,0,0,0,1,1,5,5,1,3,2,4,4,4
ZZZZZ1FL,高橋はるみ,65,1,1,公明,1,2,3,2,4,2,2,3,2,2,2,3,4,1,3,4,5,4,2,5,3,4,3,4,3,1,1,0,0,0,0,0,1,1,0,0,0,0,0,1,0,0,3,3,3,3,1,1,1,1,1
000011L8,畠山和也,47,6,1,0,1,5,5,4,5,4,3,5,3,5,1,1,3,5,4,2,1,2,4,3,5,5,5,3,4,5,66,66,66,66,66,66,66,66,66,66,66,66,66,66,66,66,1,1,1,5,5,5,5,5,5
00002C1S,岩瀬清次,66,12,1,0,1,5,5,5,3,5,5,3,3,3,1,1,1,5,5,5,1,5,3,1,5,4,1,5,5,1,0,0,0,0,0,0,0,0,0,0,0,0,0,0,0,1,2,2,5,5,5,5,5,5,5
ZZZZZ1I3,岩本剛人,54,1,1,公明,1,2,3,2,3,2,2,3,3,3,4,4,3,2,3,3,4,3,2,3,3,3,3,3,3,2,1,0,0,0,0,0,0,0,0,0,0,0,0,0,0,0,3,4,3,3,1,1,2,2,2
ZZZZZ1JQ,勝部賢志,59,4,1,0,1,5,5,5,5,3,2,5,2,5,1,1,2,4,5,2,1,3,4,3,4,4,4,3,4,5,66,66,66,66,66,66,66,66,66,66,66,66,66,66,66,66,1,1,3,3,4,5,5,5,5
000021NZ,中村治,66,16,1,0,1,3,3,3,3,3,3,3,3,3,3,3,3,3,3,3,3,3,3,3,3,3,3,3,3,3,66,66,66,66,66,66,66,66,66,66,66,66,66,66,66,66,3,3,3,3,3,3,3,3,3
00002GB2,原谷那美,35,5,1,0,1,5,5,5,5,2,2,3,3,4,4,4,3,5,5,2,2,4,4,3,4,5,5,3,3,4,66,66,66,66,66,66,66,66,66,66,66,66,66,66,66,66,2,2,3,3,5,5,5,5,5
00002E0Z,山本貴平,44,13,1,0,1,1,1,1,5,2,2,1,5,2,5,5,3,2,3,1,5,3,4,3,4,5,3,3,3,1,1,0,0,0,0,0,0,0,0,0,0,0,0,0,0,0,4,3,3,1,2,1,4,5,3
000010F0,小山日奈子,53,13,2,0,1,1,2,2,3,1,2,1,3,3,3,5,1,4,4,2,3,3,3,2,4,4,4,3,3,1,1,1,1,1,1,1,1,1,1,1,0,1,1,1,0,0,2,2,3,2,3,2,2,2,3
ZZZZZ1MI,滝沢求,60,1,2,公明,4,3,3,3,3,3,3,3,3,3,3,3,3,1,2,1,4,3,3,3,3,3,3,3,3,3,66,66,66,66,66,66,66,66,66,66,66,66,66,66,66,66,3,3,3,3,1,1,1,1,1
00002GAE,小田切達,61,4,2,社民,1,4,5,5,3,3,3,5,4,5,1,1,3,5,5,2,2,4,5,3,5,5,5,5,5,5,66,66,66,66,66,66,66,66,66,66,66,66,66,66,66,66,1,1,1,5,5,5,5,5,5
00002GAR,横沢高徳,47,3,3,立憲/国民/共産/社民,1,3,3,3,5,2,2,4,2,3,1,1,2,3,4,2,2,3,3,3,4,5,4,3,4,4,66,66,66,66,66,66,66,66,66,66,66,66,66,66,66,66,2,3,2,4,5,5,5,5,5
ZZZZZ0W9,平野達男,65,1,3,公明,4,3,4,3,4,2,3,5,2,5,3,3,4,2,3,4,3,5,3,5,2,4,5,4,3,1,99,99,99,99,99,99,99,99,99,99,99,99,99,99,99,99,3,3,3,3,1,1,2,3,2
00002GIZ,梶谷秀一,53,13,3,0,1,2,3,4,5,3,1,1,3,4,1,2,1,2,1,5,2,1,1,1,4,2,2,3,1,1,1,0,0,0,0,0,0,0,0,0,0,1,1,0,1,0,2,4,1,2,2,2,2,4,5
00002GIG,三宅紀昭,57,13,4,0,1,2,2,2,2,1,1,1,3,4,3,4,4,2,2,1,1,2,3,3,4,2,3,3,3,3,66,66,66,66,66,66,66,66,66,66,66,66,66,66,66,66,1,3,3,3,4,3,4,4,4
ZZZZZ0WG,愛知治郎,50,1,4,公明,4,2,4,3,3,2,3,2,2,3,3,3,3,2,3,2,3,5,2,5,2,3,3,4,3,2,0,0,1,1,0,0,1,1,0,1,1,0,0,1,0,0,1,5,5,2,2,2,2,2,3
00002G91,石垣のりこ,44,4,4,国民/社民,1,3,5,3,4,1,1,3,3,5,1,1,1,5,3,3,1,1,3,1,5,5,3,1,1,5,66,66,66,66,66,66,66,66,66,66,66,66,66,66,66,66,1,5,3,3,5,5,5,5,5
00000FRQ,中泉松司,40,1,5,公明,4,2,4,3,4,2,2,4,2,3,3,3,4,1,2,4,2,2,2,5,2,3,3,2,2,1,1,0,1,0,0,0,1,1,0,0,0,0,0,0,0,0,2,3,3,4,2,1,2,2,3
00002GAQ,寺田静,44,3,5,0,1,3,5,4,5,2,3,4,2,3,1,1,2,3,4,3,2,4,4,3,4,4,3,3,4,5,66,66,66,66,66,66,66,66,66,66,66,66,66,66,66,66,2,2,2,4,4,3,3,4,5
00002DIB,石岡隆治,45,13,5,0,1,3,1,1,5,1,1,3,5,5,3,3,3,1,3,1,5,2,3,3,1,5,5,3,1,1,0,0,0,0,0,0,0,0,1,0,0,1,0,0,0,1,2,5,5,3,2,2,3,3,3
00001PDY,大沼瑞穂,40,1,6,公明,4,2,2,3,4,2,4,4,2,4,3,3,3,2,4,2,4,4,2,5,3,2,2,4,4,2,1,0,0,0,0,0,1,1,0,0,0,0,0,1,0,0,1,3,2,3,1,1,1,2,4
00002GAF,芳賀道也,61,3,6,立憲/国民/共産/社民,1,4,5,4,5,3,3,5,5,5,1,2,1,5,5,2,2,4,4,4,5,5,4,2,5,5,66,66,66,66,66,66,66,66,66,66,66,66,66,66,66,66,1,2,1,5,5,5,5,5,5
00002GHA,小野沢健至,49,13,6,0,1,1,3,2,2,1,1,1,2,4,5,5,1,2,2,4,2,1,2,3,2,3,2,2,2,1,1,1,0,0,0,0,0,0,0,0,0,0,0,0,0,0,2,5,3,3,4,2,4,2,3
00000CTA,森雅子,54,1,7,公明,4,1,5,3,4,2,3,5,1,3,3,3,3,3,3,2,2,3,3,4,3,3,3,4,3,3,66,66,66,66,66,66,66,66,66,66,66,66,66,66,66,66,2,3,3,3,1,1,1,2,2
00001GPC,水野さちこ,57,3,7,立憲/国民/社民,1,3,3,3,4,2,3,4,3,4,3,3,3,3,4,2,2,3,3,3,3,3,3,3,4,3,66,66,66,66,66,66,66,66,66,66,66,66,66,66,66,66,3,3,3,5,5,5,5,5,5
00001WLH,田山雅仁,35,13,7,0,1,4,5,5,1,5,1,1,5,2,2,2,1,1,1,5,2,5,1,5,5,1,1,5,5,1,1,1,1,1,1,1,1,1,1,1,1,1,1,1,1,1,4,4,4,4,4,2,4,4,5
ZZZZZGCH,田中健,53,13,8,0,1,1,1,1,3,3,3,2,5,5,2,4,1,1,1,3,1,5,1,1,5,3,4,4,3,1,0,1,1,1,1,0,0,0,1,0,1,1,1,1,1,1,3,3,3,3,5,4,3,5,5
00001DUD,海野徹,70,7,8,0,1,3,4,4,4,3,4,3,2,4,2,4,2,3,2,4,2,4,2,2,3,4,2,4,4,2,0,0,0,0,0,0,1,0,0,0,1,1,0,0,1,0,1,1,1,5,4,4,4,4,5
00002GAT,小沼巧,33,4,8,社民,1,2,4,3,4,2,2,4,2,4,1,1,4,3,4,1,1,3,4,2,5,4,3,2,3,4,66,66,66,66,66,66,66,66,66,66,66,66,66,66,66,66,2,2,2,5,4,4,4,4,5
ZZZZZ1YA,大内久美子,69,6,8,0,1,5,5,5,5,3,3,5,3,3,1,1,5,5,5,1,1,5,5,5,5,5,5,5,5,5,66,66,66,66,66,66,66,66,66,66,66,66,66,66,66,66,1,1,1,5,5,5,5,5,5
00001OSU,上月良祐,56,1,8,公明,4,2,3,2,3,2,2,99,2,3,3,4,99,99,99,99,99,99,99,99,2,3,99,99,3,1,99,99,99,99,99,99,99,99,99,99,99,99,99,99,99,99,5,5,99,99,1,1,1,1,99
00002FIC,町田紀光,40,13,9,0,1,2,5,4,4,3,1,2,3,3,3,3,3,3,3,2,3,3,3,3,3,3,3,3,3,1,0,0,0,0,1,0,1,1,1,0,0,1,0,1,0,0,3,3,3,3,2,3,3,3,3
00000BBX,高橋克法,61,1,9,公明,4,2,3,2,3,2,2,5,2,2,3,3,3,2,3,3,4,3,3,5,3,3,3,3,2,1,1,0,0,0,0,0,0,1,0,0,0,0,0,1,0,0,3,3,3,3,1,1,2,2,2
00002G97,加藤千穂,43,4,9,国民/社民,1,4,5,3,4,4,4,3,4,5,1,2,2,3,3,3,3,4,3,3,3,4,3,4,4,4,66,66,66,66,66,66,66,66,66,66,66,66,66,66,66,66,2,4,2,3,5,4,4,3,5
ZZZZZ7UF,清水真人,44,1,10,公明,1,1,3,3,3,2,2,5,3,3,4,3,3,2,2,4,4,2,2,3,3,3,4,2,2,2,1,0,0,0,0,0,1,1,0,0,0,0,0,0,0,0,3,5,4,2,2,1,2,2,2
00002GAU,斉藤敦子,51,4,10,国民/社民,1,5,5,5,5,2,2,3,3,5,1,1,2,5,5,2,1,2,4,3,4,4,4,3,3,4,66,66,66,66,66,66,66,66,66,66,66,66,66,66,66,66,1,1,1,5,5,5,5,5,5
00002GF6,前田みか子,47,13,10,0,1,1,1,1,5,1,1,3,5,4,5,4,3,4,5,2,1,3,3,3,5,5,3,1,3,5,66,66,66,66,66,66,66,66,66,66,66,66,66,66,66,66,5,3,3,3,5,5,5,5,5
000027B1,宍戸千絵,41,5,11,0,1,1,5,2,4,4,2,3,3,3,1,3,3,2,3,3,3,4,2,3,3,4,3,3,4,2,0,0,0,0,0,0,0,0,0,0,0,0,0,0,0,1,3,3,2,4,5,5,5,5,5
ZZZZZ08L,伊藤岳,59,6,11,0,1,5,5,5,5,2,3,5,3,5,1,1,5,5,5,1,1,4,5,3,5,5,5,3,5,5,66,66,66,66,66,66,66,66,66,66,66,66,66,66,66,66,1,1,2,4,5,5,5,5,5
00001OJP,矢倉克夫,44,2,11,自民,4,3,5,3,4,1,2,4,2,3,1,2,2,2,3,2,3,3,2,4,3,3,3,2,2,3,66,66,66,66,66,66,66,66,66,66,66,66,66,66,66,66,2,3,2,4,1,1,1,1,2
000021QX,沢田良,39,7,11,0,1,2,2,3,3,4,2,1,3,2,1,1,2,2,2,5,2,2,1,1,5,3,2,2,2,1,0,0,0,0,0,0,1,0,1,0,1,1,0,0,0,0,3,3,3,3,2,1,2,4,5
000021UL,鮫島良司,64,16,11,0,1,3,3,3,3,3,3,3,3,3,3,3,3,3,3,3,3,3,3,3,3,3,3,3,3,3,66,66,66,66,66,66,66,66,66,66,66,66,66,66,66,66,3,3,3,3,3,3,3,3,3
00000N9V,熊谷裕人,57,4,11,0,1,3,4,4,4,3,3,3,3,5,1,1,2,4,4,3,2,4,2,2,2,3,3,4,4,2,0,0,0,1,1,0,1,0,0,0,1,1,0,0,1,0,2,3,3,2,4,4,4,3,4
000011LY,古川俊治,56,1,11,0,4,2,5,2,3,4,5,3,2,4,3,5,2,2,2,4,3,4,2,3,2,3,2,4,5,1,1,0,0,0,0,0,0,0,0,0,0,0,0,1,0,0,99,99,99,99,2,1,2,2,3
000019QU,小島一郎,48,11,11,0,1,1,2,1,1,2,5,1,1,5,4,4,2,1,1,5,5,3,1,3,5,1,2,2,4,1,1,1,0,0,0,0,0,0,1,0,0,0,0,1,1,0,5,5,5,5,5,5,5,5,5
00002GDU,佐藤恵理子,33,13,11,0,1,2,5,1,5,3,2,3,4,2,3,1,3,3,4,1,2,5,2,2,4,5,3,4,4,1,1,0,0,0,0,0,0,0,0,0,0,1,0,1,0,0,3,3,3,3,2,3,5,5,3
ZZZZZ2DL,石井準一,61,1,12,公明,4,3,4,3,3,2,3,4,2,4,3,3,2,2,2,3,3,3,2,4,2,4,3,2,3,2,1,0,0,0,0,0,0,0,0,0,0,0,0,0,0,0,3,3,3,3,2,1,2,3,4
ZZZZZ0AX,長浜博行,60,4,12,国民/社民,4,3,4,3,4,3,3,3,2,4,1,2,2,3,4,3,2,5,3,3,5,3,3,4,4,4,66,66,66,66,66,66,66,66,66,66,66,66,66,66,66,66,1,1,1,5,5,5,5,5,5
00000EYB,豊田俊郎,66,1,12,公明,4,2,3,1,4,2,2,3,2,3,3,3,3,2,3,3,4,3,4,4,3,3,3,3,3,2,1,0,0,0,0,0,0,1,0,0,0,0,0,1,0,0,5,4,3,3,1,1,1,1,1
ZZZZZ8R2,門田正則,72,16,12,0,1,3,3,3,3,3,3,3,3,3,3,3,3,3,3,3,3,3,3,3,3,3,3,3,3,3,66,66,66,66,66,66,66,66,66,66,66,66,66,66,66,66,3,3,3,3,3,3,3,3,3
ZZZZZ0YL,浅野史子,48,6,12,0,1,5,5,4,5,3,3,5,4,5,1,1,5,5,5,1,1,3,5,3,5,5,5,3,5,5,66,66,66,66,66,66,66,66,66,66,66,66,66,66,66,66,1,1,3,3,5,5,5,5,5
00002GIT,平塚正幸,37,13,12,0,1,99,99,99,99,99,99,99,99,99,99,99,99,99,99,99,99,99,99,99,99,99,99,99,99,99,66,66,66,66,66,66,66,66,66,66,66,66,66,66,66,66,99,99,99,99,99,99,99,99,99
000011O7,丸川珠代,48,1,13,0,4,1,2,2,3,2,2,3,3,4,99,3,3,1,2,3,3,3,3,3,3,4,3,3,3,1,1,0,0,0,0,0,1,0,0,0,0,0,0,1,0,0,5,5,5,3,1,1,1,1,99
00001P18,塩村文夏,41,4,13,0,1,4,5,4,4,3,3,4,4,5,1,1,2,4,5,2,1,4,4,1,5,4,4,4,4,4,66,66,66,66,66,66,66,66,66,66,66,66,66,66,66,66,1,1,1,5,5,5,5,5,5
ZZZZZ17G,武見敬三,67,1,13,0,4,2,2,3,4,1,2,4,2,3,3,3,2,2,3,3,4,4,2,4,3,4,2,5,4,3,66,66,66,66,66,66,66,66,66,66,66,66,66,66,66,66,2,2,2,5,2,1,2,2,2
ZZZZZ0YY,山口那津男,67,2,13,0,4,4,5,3,4,2,3,4,3,3,2,3,4,3,3,3,3,4,3,3,3,3,3,3,3,4,66,66,66,66,66,66,66,66,66,66,66,66,66,66,66,66,3,3,3,3,1,1,2,2,2
00001FLO,溝口晃一,50,15,13,0,1,2,5,3,4,3,4,1,4,4,2,1,2,4,4,4,1,5,1,1,5,4,1,4,4,2,0,0,1,1,1,0,1,0,1,0,1,1,0,0,1,1,2,2,3,2,5,4,5,4,5
00001PRR,森純,71,3,13,0,1,0,0,0,0,0,0,0,0,0,0,0,0,0,0,0,0,0,0,0,0,0,0,0,0,0,0,0,0,0,0,0,0,0,0,0,0,0,0,0,0,0,0,0,0,0,0,0,0,0,0
00002GFH,山岸一生,37,4,13,0,1,5,5,5,4,3,3,3,2,5,1,1,3,3,4,2,2,4,4,2,5,4,4,3,4,4,66,66,66,66,66,66,66,66,66,66,66,66,66,66,66,66,2,2,2,4,5,5,5,5,5
000018YJ,吉良佳子,36,6,13,0,4,5,5,5,5,2,3,5,3,5,1,1,5,5,5,1,1,4,5,3,5,5,5,3,5,5,66,66,66,66,66,66,66,66,66,66,66,66,66,66,66,66,1,1,3,5,5,5,5,5,5
00002GAZ,水野素子,49,5,13,0,1,3,4,4,3,3,3,2,2,3,1,1,2,3,3,4,2,3,1,1,3,4,3,3,4,2,0,0,0,0,1,0,0,0,0,0,1,0,0,0,1,0,2,3,2,4,4,4,4,4,5
00001CLZ,関口安弘,67,3,13,0,1,99,99,99,99,2,99,99,2,99,99,5,2,99,99,2,5,99,4,5,99,2,4,4,99,1,1,0,0,0,0,0,0,0,0,0,0,0,0,1,0,1,99,99,99,99,2,2,4,4,99
000021UM,佐藤均,48,16,13,0,1,3,3,3,3,3,3,3,3,3,3,3,3,3,3,3,3,3,3,3,3,3,3,3,3,3,66,66,66,66,66,66,66,66,66,66,66,66,66,66,66,66,3,3,3,3,3,3,3,3,3
00002GAD,朝倉玲子,60,9,13,0,1,5,5,5,5,1,4,5,3,5,1,1,4,5,5,1,1,5,5,1,5,5,5,5,5,5,66,66,66,66,66,66,66,66,66,66,66,66,66,66,66,66,1,1,3,5,5,5,5,5,5
00001P28,音喜多駿,35,7,13,0,1,1,2,2,2,4,4,1,2,4,1,1,1,1,2,5,3,5,1,1,5,1,1,5,4,2,0,0,0,0,0,0,1,0,1,0,1,1,0,0,0,0,2,3,3,3,4,2,3,5,5
00001RTD,七海ひろこ,34,11,13,0,1,1,2,1,3,3,2,1,2,3,4,5,3,1,2,4,5,2,1,3,5,3,2,4,2,1,1,0,0,0,0,0,0,0,1,0,0,0,0,0,0,1,4,5,5,2,3,3,5,5,5
00001ZTH,横山昌弘,76,16,13,0,1,1,1,1,1,2,1,1,2,1,3,2,1,2,2,2,5,2,1,1,3,2,5,3,2,1,0,1,0,0,0,0,0,0,0,0,0,0,0,0,0,0,1,1,1,2,2,1,2,2,2
00002GJ3,野原善正,59,10,13,0,1,0,0,0,0,0,0,0,0,0,0,0,0,0,0,0,0,0,0,0,0,0,0,0,0,0,0,0,0,0,0,0,0,0,0,0,0,0,0,0,0,0,0,0,0,0,0,0,0,0,0
00001O3C,西野貞吉,83,3,13,0,1,1,3,1,3,2,2,1,3,2,2,3,3,2,2,2,4,1,2,3,5,5,5,4,3,1,1,1,1,0,0,0,0,0,0,1,0,0,1,1,0,0,2,5,5,3,2,2,3,4,3
00001ZLP,大橋昌信,43,13,13,0,1,2,3,3,4,2,1,3,4,2,2,2,3,3,2,2,3,2,3,2,4,4,4,3,3,1,1,1,0,0,1,0,0,0,0,0,0,0,0,0,1,0,4,2,3,3,3,2,4,3,3
000027GL,大塚紀久雄,78,14,13,0,1,5,5,5,99,5,99,99,2,5,1,1,99,5,4,99,1,1,2,1,5,5,2,4,5,4,66,66,66,66,66,66,66,66,66,66,66,66,66,66,66,66,2,99,99,99,4,4,4,5,5
00002GIA,野末陳平,87,3,13,0,2,2,4,4,1,2,3,1,2,3,2,3,1,4,2,3,3,3,3,2,2,2,2,3,2,4,66,66,66,66,66,66,66,66,66,66,66,66,66,66,66,66,2,3,3,3,2,4,4,4,4
2730,乃木涼介,54,5,14,0,1,4,4,5,5,2,1,2,3,2,1,2,1,5,5,1,3,1,2,1,2,5,3,1,3,2,0,0,0,0,1,0,1,0,1,0,1,1,0,0,1,0,3,3,3,3,5,5,5,5,5
00001PDR,佐々木さやか,38,2,14,自民,4,3,5,3,4,2,2,3,2,3,2,2,3,2,3,3,3,3,3,2,3,4,4,3,3,3,66,66,66,66,66,66,66,66,66,66,66,66,66,66,66,66,3,3,3,3,2,2,3,3,2
00002FVD,相原倫子,58,9,14,0,1,5,5,5,5,2,2,4,1,5,1,1,1,5,5,1,1,2,5,5,5,5,5,3,4,5,66,66,66,66,66,66,66,66,66,66,66,66,66,66,66,66,1,1,1,5,5,5,5,5,5
00001RT5,壹岐愛子,33,11,14,0,1,1,1,1,2,2,2,2,3,5,4,3,3,1,1,5,5,3,1,2,5,3,3,3,2,1,1,1,0,0,0,1,0,0,0,0,0,0,1,1,0,0,4,4,4,3,4,3,4,4,4
00002GGI,渋谷貢,82,3,14,0,1,3,3,3,3,3,3,2,3,3,3,4,3,2,4,2,3,3,2,3,3,3,3,3,2,2,0,0,1,0,0,0,0,0,0,0,0,0,0,0,0,0,3,3,3,3,2,2,3,3,3
00001PRP,森下正勝,75,3,14,0,1,2,1,1,1,5,5,5,4,1,1,3,1,2,2,1,1,5,5,3,5,3,4,5,5,5,66,66,66,66,66,66,66,66,66,66,66,66,66,66,66,66,2,4,2,3,5,5,5,5,5
000026UK,圷孝行,69,12,14,0,1,5,5,3,3,3,4,2,2,5,1,2,4,4,4,4,2,5,2,1,5,4,4,1,5,1,0,0,0,0,0,0,0,0,0,0,0,0,0,0,0,1,1,1,5,5,5,5,5,5,5
000005IV,牧山弘恵,54,4,14,0,4,3,3,4,4,3,3,3,3,4,1,1,2,3,3,3,2,4,4,3,4,3,3,4,4,4,66,66,66,66,66,66,66,66,66,66,66,66,66,66,66,66,2,2,2,3,4,4,5,4,5
00002GH4,林大祐,43,13,14,0,1,1,2,1,3,5,5,1,4,5,3,1,5,1,1,1,5,5,3,3,1,4,4,4,4,1,1,1,0,0,0,0,0,0,0,0,0,0,0,0,0,0,4,4,4,4,2,4,4,5,5
00002GI2,加藤友行,55,16,14,0,1,3,3,3,3,3,3,3,3,3,3,3,3,3,3,3,3,3,3,3,3,3,3,3,3,3,66,66,66,66,66,66,66,66,66,66,66,66,66,66,66,66,3,3,3,3,3,3,3,3,3
00001PDQ,島村大,58,1,14,0,4,2,4,3,3,2,3,4,1,3,2,3,3,2,2,3,5,3,2,5,3,3,4,4,3,1,1,0,0,0,0,0,1,1,0,0,0,0,0,1,0,0,3,3,3,3,1,1,1,1,1
00001NTD,浅賀由香,39,6,14,0,1,5,5,5,5,2,3,5,3,5,1,1,5,5,5,1,1,4,5,3,5,5,5,3,5,5,66,66,66,66,66,66,66,66,66,66,66,66,66,66,66,66,1,1,1,5,5,5,5,5,5
ZZZZZ1G1,松沢成文,61,7,14,0,4,1,3,2,4,3,3,1,3,4,4,3,1,1,3,2,2,4,1,2,5,4,3,5,4,1,1,1,0,1,1,0,0,0,1,0,0,0,0,0,0,0,5,5,5,1,4,2,3,2,5
00002GH9,榎本太志,41,15,14,0,1,4,4,5,3,2,3,5,5,5,4,1,2,5,3,1,1,3,3,3,5,4,4,3,4,4,66,66,66,66,66,66,66,66,66,66,66,66,66,66,66,66,2,3,5,5,5,5,5,4,3
00002GA6,打越さく良,51,3,15,立憲/国民/共産/社民,1,4,5,5,4,2,5,5,3,5,1,1,3,4,4,2,1,3,4,3,5,5,3,4,4,5,66,66,66,66,66,66,66,66,66,66,66,66,66,66,66,66,2,2,2,5,5,4,5,4,5
ZZZZZ0ZT,塚田一郎,55,1,15,公明,4,1,3,3,3,2,2,3,2,3,3,3,3,1,3,3,3,3,3,3,3,3,3,3,3,2,1,0,0,0,0,0,1,0,0,0,0,0,0,1,0,1,3,5,3,2,1,1,2,2,2
00002EIS,小島糾史,43,13,15,0,1,99,99,1,99,99,1,99,4,99,99,99,99,99,99,99,99,99,99,99,5,3,99,4,99,99,66,66,66,66,66,66,66,66,66,66,66,66,66,66,66,66,99,99,99,99,5,3,3,5,3
ZZZZZ0GC,西尾政英,58,5,16,立憲/社民,1,3,3,3,4,2,3,3,3,4,2,3,2,3,3,3,3,3,3,3,4,4,3,3,4,4,66,66,66,66,66,66,66,66,66,66,66,66,66,66,66,66,3,3,99,99,4,4,4,4,4
000008T6,堂故茂,66,1,16,公明,4,0,0,0,0,0,0,0,0,0,0,0,0,0,0,0,0,0,0,0,0,0,0,0,0,0,0,0,0,0,0,0,0,0,0,0,0,0,0,0,0,0,0,0,0,0,0,0,0,0,0
00001PDA,山田修路,65,1,17,公明,4,1,3,3,5,1,3,5,1,3,1,3,3,1,3,3,5,3,3,5,3,3,3,3,3,1,1,0,0,0,0,0,1,1,0,0,0,0,0,1,0,0,3,3,3,3,1,1,1,1,1
00002G6M,田辺徹,58,5,17,立憲/社民,1,5,5,5,5,3,3,5,1,5,1,1,5,5,5,1,3,5,4,4,4,5,5,5,5,4,66,66,66,66,66,66,66,66,66,66,66,66,66,66,66,66,1,3,1,5,5,5,5,5,5
000011JO,山田和雄,52,6,18,0,1,5,5,5,5,2,3,5,3,5,1,1,5,5,5,1,1,4,5,3,5,5,5,3,5,5,66,66,66,66,66,66,66,66,66,66,66,66,66,66,66,66,1,1,1,5,5,5,5,5,5
00002CSC,嶋谷昌美,48,13,18,0,1,3,3,3,4,2,1,3,3,3,2,3,3,3,3,2,3,3,3,3,5,3,3,3,2,2,1,1,1,1,1,1,1,0,0,1,1,0,0,1,0,0,3,3,3,3,3,3,3,3,5
00001PKD,滝波宏文,47,1,18,公明,4,0,0,0,0,0,0,0,0,0,0,0,0,0,0,0,0,0,0,0,0,0,0,0,0,0,0,0,0,0,0,0,0,0,0,0,0,0,0,0,0,0,0,0,0,0,0,0,0,0,0
ZZZZZ2WS,森屋宏,62,1,19,公明,4,2,2,3,4,2,2,2,2,3,4,4,3,2,3,2,5,3,3,1,3,3,3,4,3,2,0,0,0,0,0,0,1,1,0,0,0,0,0,0,1,0,3,3,3,3,1,2,3,2,2
00001HFI,市来伴子,41,3,19,立憲/国民/共産,1,5,5,5,5,4,3,3,2,5,2,2,3,5,5,2,2,4,5,5,3,4,4,3,3,5,66,66,66,66,66,66,66,66,66,66,66,66,66,66,66,66,1,2,2,3,5,5,5,5,5
00002GIK,猪野恵司,35,13,19,0,1,3,3,3,3,3,3,3,2,3,3,3,3,3,3,3,3,3,3,3,5,3,3,3,5,4,66,66,66,66,66,66,66,66,66,66,66,66,66,66,66,66,1,1,1,3,5,4,4,3,3
ZZZZZ10N,羽田雄一郎,51,5,20,立憲/共産/社民,4,3,5,3,4,3,3,4,3,5,2,2,3,3,4,3,3,4,3,4,3,4,3,4,4,5,66,66,66,66,66,66,66,66,66,66,66,66,66,66,66,66,1,2,2,3,5,4,4,4,5
00002G5L,斉藤好明,69,12,20,0,1,5,5,4,5,3,5,3,3,5,1,2,4,5,5,4,2,5,4,2,5,5,2,5,5,4,66,66,66,66,66,66,66,66,66,66,66,66,66,66,66,66,1,1,5,5,5,4,4,5,5
00001NX9,小松裕,57,1,20,公明,1,3,3,2,3,2,3,4,2,3,3,4,3,2,3,3,3,4,3,5,3,4,4,4,3,2,1,0,1,1,0,0,0,1,0,0,0,0,0,0,0,0,4,4,4,4,1,1,2,2,3
00002GF7,古谷孝,43,13,20,0,1,3,3,3,3,3,3,3,3,3,3,3,3,3,3,3,3,3,3,3,3,3,3,3,3,3,66,66,66,66,66,66,66,66,66,66,66,66,66,66,66,66,3,3,3,3,3,3,3,3,3
ZZZZZ321,大野泰正,60,1,21,公明,4,0,0,0,0,0,0,0,0,0,0,0,0,0,0,0,0,0,0,0,0,0,0,0,0,0,0,0,0,0,0,0,0,0,0,0,0,0,0,0,0,0,0,0,0,0,0,0,0,0,0
00002G9T,梅村慎一,48,4,21,国民,1,4,5,3,4,3,3,2,2,5,1,1,2,5,4,3,2,4,3,3,5,4,3,4,4,5,66,66,66,66,66,66,66,66,66,66,66,66,66,66,66,66,1,1,1,5,4,5,5,4,5
00002GFQ,坂本雅彦,47,13,21,0,1,2,3,2,3,3,2,3,3,4,4,2,3,2,3,2,4,3,3,4,4,3,3,4,2,2,1,1,0,0,0,0,0,0,0,0,0,0,0,0,0,0,4,4,4,3,2,2,3,3,3
ZZZZZ35N,牧野京夫,60,1,22,公明,4,1,3,2,3,1,2,3,2,3,5,5,3,3,4,2,4,2,4,5,4,4,4,2,2,1,1,1,1,1,0,0,1,1,0,0,1,0,0,0,0,0,1,3,3,5,1,1,2,2,2
00002GEP,徳川家広,54,4,22,0,1,5,5,5,5,1,1,5,2,5,1,1,1,4,4,3,1,2,5,1,4,5,5,5,2,5,66,66,66,66,66,66,66,66,66,66,66,66,66,66,66,66,3,3,3,5,5,5,4,4,5
ZZZZZ116,榛葉賀津也,52,5,22,0,4,3,3,3,3,3,3,3,3,3,3,3,3,1,5,3,3,5,3,3,5,5,3,5,5,3,66,66,66,66,66,66,66,66,66,66,66,66,66,66,66,66,3,4,3,3,4,3,4,3,5
00001FZJ,鈴木千佳,48,6,22,0,1,5,5,5,5,3,5,5,3,5,1,1,3,5,4,2,1,5,5,3,5,5,5,3,5,5,66,66,66,66,66,66,66,66,66,66,66,66,66,66,66,66,1,1,3,3,5,5,5,5,5
00002GHJ,畑山浩一,49,13,22,0,1,3,4,2,4,2,2,3,2,2,3,3,3,3,4,2,3,2,3,2,3,4,3,3,2,2,0,0,0,0,1,0,1,0,0,0,1,0,0,0,0,0,2,2,3,3,4,2,3,4,4
00002GI8,安江伸夫,32,2,23,自民,1,3,3,4,4,2,3,4,3,3,2,3,3,3,3,3,3,4,2,3,3,3,3,3,3,3,66,66,66,66,66,66,66,66,66,66,66,66,66,66,66,66,3,3,2,3,2,2,2,2,4
1.30E+01,橋本勉,65,15,23,0,1,2,3,2,1,2,2,2,2,3,3,3,1,2,3,2,1,4,1,4,5,4,1,1,4,2,0,0,1,1,1,1,1,0,0,0,0,0,0,1,1,0,2,2,2,2,4,4,4,4,5
ZZZZZ11L,大塚耕平,59,5,23,0,4,3,5,3,3,4,4,2,3,4,3,3,2,3,3,3,3,4,2,5,2,3,3,4,4,3,66,66,66,66,66,66,66,66,66,66,66,66,66,66,66,66,3,3,3,2,5,4,5,4,5
00001SHU,須山初美,40,6,23,0,1,5,5,5,5,2,3,5,3,5,1,1,5,5,5,1,1,4,5,3,5,5,5,3,5,5,66,66,66,66,66,66,66,66,66,66,66,66,66,66,66,66,1,1,2,4,5,5,5,5,5
00002GA1,古川均,65,12,23,0,1,5,5,3,3,3,4,2,2,5,1,2,4,4,4,4,2,5,2,1,5,4,4,5,5,1,0,0,0,0,0,0,0,0,0,0,0,0,0,0,0,1,1,1,5,5,5,5,5,5,5
000011L9,平山良平,71,9,23,0,1,5,5,5,5,5,5,5,4,5,1,1,1,5,5,1,1,3,5,4,5,5,5,3,3,5,66,66,66,66,66,66,66,66,66,66,66,66,66,66,66,66,1,1,3,5,5,5,3,5,5
00002GFG,石井均,54,3,23,0,1,2,3,1,3,5,5,1,1,1,1,1,3,3,3,5,1,5,1,1,5,3,1,5,5,1,1,0,0,0,0,0,0,0,1,1,0,0,0,0,0,0,1,1,1,1,5,5,5,5,5
00002GHB,岬麻紀,50,7,23,0,1,3,3,2,3,2,2,3,2,4,2,2,2,2,3,3,2,2,2,3,5,4,4,4,2,99,66,66,66,66,66,66,66,66,66,66,66,66,66,66,66,66,4,4,4,3,4,3,4,4,4
ZZZZZ38G,酒井庸行,67,1,23,0,4,1,1,1,5,1,1,2,1,2,3,3,5,1,1,1,4,2,1,5,1,4,2,4,1,1,1,0,0,0,0,0,0,1,0,0,0,0,0,0,0,0,1,3,1,1,1,1,1,1,1
00002G9V,田島麻衣子,42,4,23,0,1,4,4,4,4,4,2,3,2,4,1,2,4,4,4,3,2,4,2,3,2,4,4,4,4,4,66,66,66,66,66,66,66,66,66,66,66,66,66,66,66,66,1,1,1,3,5,5,4,4,5
00002GIH,牛田宏幸,48,16,23,0,1,3,3,3,3,3,3,3,3,3,3,3,3,3,3,3,3,3,3,3,3,3,3,3,3,3,66,66,66,66,66,66,66,66,66,66,66,66,66,66,66,66,3,3,3,3,3,3,3,3,3
00002GES,末永友香梨,37,13,23,0,1,4,3,3,3,3,4,1,1,3,1,1,1,3,1,4,3,3,1,2,4,3,1,4,3,5,66,66,66,66,66,66,66,66,66,66,66,66,66,66,66,66,3,3,4,5,3,3,5,5,5
00001PCZ,吉川有美,45,1,24,公明,4,2,4,2,3,2,3,4,2,3,3,3,3,2,2,4,4,3,2,5,3,3,4,4,3,1,1,0,0,0,0,0,1,1,0,0,1,0,0,1,0,0,99,99,99,99,1,1,1,1,1
00002GHE,門田節代,51,13,24,0,1,1,1,1,3,1,1,1,4,2,3,1,1,1,1,2,4,3,3,3,3,4,3,3,3,3,66,66,66,66,66,66,66,66,66,66,66,66,66,66,66,66,5,5,5,2,3,2,3,3,3
00001ITX,芳野正英,44,3,24,立憲/国民,1,3,4,3,5,4,4,3,2,4,1,2,3,3,4,4,2,5,3,1,3,3,3,5,4,4,66,66,66,66,66,66,66,66,66,66,66,66,66,66,66,66,1,2,1,4,5,5,5,5,5
00002GH5,服部修,45,13,25,0,1,1,1,1,1,3,1,5,5,5,5,5,1,5,4,1,1,1,1,1,5,1,1,1,1,1,1,1,0,1,1,0,0,0,1,0,0,0,1,1,0,1,5,5,5,1,5,2,2,4,5
00000B3V,嘉田由紀子,69,3,25,立憲/国民/共産/社民,1,4,4,4,5,2,3,4,4,5,1,1,1,4,4,2,1,4,4,4,3,4,3,3,3,5,66,66,66,66,66,66,66,66,66,66,66,66,66,66,66,66,1,1,1,3,5,4,4,4,5
00001ONM,二之湯武史,42,1,25,公明,4,99,99,99,99,99,99,99,99,99,99,99,99,99,99,99,99,99,99,99,99,99,99,99,99,2,0,0,0,0,0,0,0,0,0,0,0,0,0,0,0,1,1,99,1,99,2,99,99,99,99
0000202A,三上隆,88,15,26,0,1,4,5,4,3,2,4,3,4,3,2,2,2,5,4,2,3,2,2,2,5,4,2,4,2,5,66,66,66,66,66,66,66,66,66,66,66,66,66,66,66,66,3,2,3,3,2,4,2,3,5
ZZZZZ3EU,西田昌司,60,1,26,公明,4,1,1,2,5,1,1,3,5,1,5,5,1,5,5,1,5,1,5,5,5,5,5,1,3,1,1,0,0,0,0,0,0,1,0,0,0,0,0,0,0,0,1,5,3,1,2,1,1,1,1
ZZZZZ50X,倉林明子,58,6,26,0,4,5,5,5,5,2,3,5,3,5,1,1,5,5,5,1,1,4,5,3,5,5,5,3,5,5,66,66,66,66,66,66,66,66,66,66,66,66,66,66,66,66,1,1,2,5,5,5,5,5,5
00002GAH,増原裕子,41,4,26,国民,1,3,5,3,4,3,3,3,2,4,1,1,2,3,4,2,1,4,3,2,5,4,3,3,4,4,66,66,66,66,66,66,66,66,66,66,66,66,66,66,66,66,1,1,1,4,5,4,4,4,5
00002GIR,山田彰久,38,13,26,0,1,3,4,4,5,1,1,5,5,5,5,2,2,4,5,1,3,1,4,5,5,4,4,1,2,3,66,66,66,66,66,66,66,66,66,66,66,66,66,66,66,66,1,5,4,1,5,5,3,3,5
00002GIU,浜田健,53,16,27,0,1,3,3,3,3,3,3,3,3,3,3,3,3,3,3,3,3,3,3,3,3,3,3,3,3,3,66,66,66,66,66,66,66,66,66,66,66,66,66,66,66,66,3,3,3,3,3,3,3,3,3
00001P01,太田房江,68,1,27,0,4,2,2,2,4,2,2,3,2,3,3,4,3,2,2,3,5,3,2,5,3,3,2,4,2,1,1,0,0,0,0,0,1,1,0,0,0,0,0,1,0,0,99,99,99,99,1,1,2,3,4
ZZZZZ3I0,東徹,52,7,27,0,4,1,3,2,4,4,3,1,2,2,2,3,2,3,3,3,3,3,1,1,4,2,1,2,3,1,0,0,0,0,0,0,1,0,0,0,1,1,0,0,0,0,2,4,2,2,4,1,2,1,5
00002GJ1,足立美生代,47,15,27,0,1,0,0,0,0,0,0,0,0,0,0,0,0,0,0,0,0,0,0,0,0,0,0,0,0,0,0,0,0,0,0,0,0,0,0,0,0,0,0,0,0,0,0,0,0,0,0,0,0,0,0
00002G9W,亀石倫子,45,4,27,社民,1,4,4,4,4,4,4,4,4,5,1,1,1,3,3,3,3,3,3,3,5,4,4,4,4,3,66,66,66,66,66,66,66,66,66,66,66,66,66,66,66,66,3,3,3,3,5,5,5,5,5
00002GA0,にしゃんた,50,5,27,0,1,2,3,3,5,2,3,3,3,4,1,1,2,4,5,2,3,4,2,4,4,4,4,5,5,4,66,66,66,66,66,66,66,66,66,66,66,66,66,66,66,66,1,3,1,3,4,4,4,4,5
00001NWG,杉久武,43,2,27,0,4,3,5,3,4,2,2,3,2,3,2,2,4,3,3,3,4,2,2,2,3,3,3,4,2,3,66,66,66,66,66,66,66,66,66,66,66,66,66,66,66,66,2,3,3,3,2,2,2,3,3
00002GII,梅村みずほ,40,7,27,0,1,1,3,2,4,4,3,1,2,2,2,3,2,3,3,3,3,3,1,1,4,2,1,2,3,1,1,0,0,0,0,0,1,0,0,0,0,0,0,0,0,0,99,99,99,99,4,1,2,1,5
000022V2,尾崎全紀,48,13,27,0,1,3,3,3,3,3,3,3,3,3,3,3,3,3,3,3,3,3,3,3,3,3,3,3,3,3,66,66,66,66,66,66,66,66,66,66,66,66,66,66,66,66,3,3,3,3,3,3,3,3,3
00001RSB,数森圭吾,39,11,27,0,1,1,2,2,2,2,2,2,2,3,4,5,3,1,2,2,5,3,1,3,5,2,2,1,2,1,1,0,0,0,0,0,0,0,1,0,0,0,0,0,0,0,4,4,4,4,5,3,5,5,4
ZZZZZ3GU,辰巳孝太郎,42,6,27,0,4,5,5,5,5,2,3,5,3,5,1,1,5,5,5,1,1,4,5,3,5,5,5,3,5,5,66,66,66,66,66,66,66,66,66,66,66,66,66,66,66,66,1,1,1,5,5,5,5,5,5
00002G9R,佐々木一郎,68,12,27,0,1,5,5,5,99,5,5,1,1,5,1,1,3,3,5,5,1,5,3,1,5,5,1,5,5,1,0,0,0,0,0,0,0,0,0,0,0,0,0,0,0,1,1,3,99,5,5,5,5,5,5
00001PHN,原博義,47,13,28,0,1,0,0,0,0,0,0,0,0,0,0,0,0,0,0,0,0,0,0,0,0,0,0,0,0,0,0,0,0,0,0,0,0,0,0,0,0,0,0,0,0,0,0,0,0,0,0,0,0,0,0
00002GDC,高橋光男,42,2,28,自民,1,3,5,4,4,2,2,3,2,4,2,2,3,2,2,2,3,2,2,2,4,3,3,4,2,2,0,0,1,1,1,0,1,0,0,0,0,0,0,0,0,0,2,4,2,3,2,1,1,2,2
00002GB6,安田真理,41,4,28,社民,1,4,5,3,5,3,3,3,4,5,1,1,2,4,4,2,2,3,4,2,4,5,4,3,3,3,66,66,66,66,66,66,66,66,66,66,66,66,66,66,66,66,2,3,2,5,4,5,5,5,5
ZZZZZ3M9,加田裕之,49,1,28,0,1,1,99,99,99,2,1,99,3,3,3,3,3,2,3,3,5,2,3,5,99,99,99,99,99,1,1,1,1,1,1,1,1,1,0,1,1,1,1,1,0,0,99,99,99,99,2,2,2,2,2
00001NZC,清水貴之,45,7,28,0,4,1,3,2,4,4,3,1,2,2,2,3,2,3,3,3,3,3,1,1,4,2,1,2,3,1,99,99,99,99,99,99,99,99,99,99,99,99,99,99,99,99,99,99,99,99,4,1,2,1,5
ZZZZZ3MJ,金田峰生,53,6,28,0,1,5,5,4,5,2,3,5,3,5,1,1,3,5,4,1,1,4,5,3,5,5,5,3,5,5,66,66,66,66,66,66,66,66,66,66,66,66,66,66,66,66,1,1,1,3,5,5,5,5,5
000019RY,田中孝子,64,11,29,0,1,1,1,2,1,3,1,2,2,5,3,3,3,1,1,5,5,1,1,2,5,4,3,4,1,1,1,1,0,1,0,0,0,0,0,0,0,0,0,1,0,1,3,3,3,3,3,2,5,4,3
00001PO6,堀井巌,53,1,29,公明,4,2,3,3,3,2,3,4,3,3,3,3,3,2,3,3,3,3,3,5,3,3,3,3,3,1,1,0,0,0,0,0,1,1,0,0,0,0,0,1,0,0,99,99,99,99,1,1,1,1,1
00002GAS,西田一美,58,3,29,立憲/国民/社民,1,3,4,3,4,2,2,2,4,5,1,1,2,3,4,3,3,3,2,3,5,4,2,2,3,4,66,66,66,66,66,66,66,66,66,66,66,66,66,66,66,66,1,2,1,3,5,4,5,4,5
00002GAO,藤井幹雄,58,3,30,立憲/国民/社民,1,5,5,5,5,2,2,5,2,5,1,2,2,5,4,3,2,3,4,2,4,4,3,3,4,4,66,66,66,66,66,66,66,66,66,66,66,66,66,66,66,66,2,2,2,5,5,5,5,5,5
ZZZZZ13M,世耕弘成,56,1,30,公明,4,1,3,5,3,2,2,2,2,5,1,1,3,1,3,5,5,2,1,5,4,4,3,3,2,1,1,0,0,0,0,0,1,1,0,0,0,0,0,1,0,0,3,3,3,3,1,1,1,1,1
00001PCD,舞立昇治,43,1,31,公明,4,2,99,99,4,1,1,99,99,99,99,99,99,2,99,99,99,99,99,5,99,99,99,99,99,1,0,0,0,0,0,0,1,1,0,0,1,0,0,1,0,1,99,99,99,99,2,2,2,2,3
ZZZZZ02V,中林佳子,73,3,31,共産,1,5,5,5,5,2,3,5,3,5,1,1,5,5,5,1,1,4,5,3,5,5,5,3,5,5,66,66,66,66,66,66,66,66,66,66,66,66,66,66,66,66,1,1,2,4,5,5,5,5,5
00002GF3,黒瀬信明,34,13,31,0,1,1,1,1,3,1,1,1,1,1,5,1,1,1,1,5,5,1,1,5,5,3,5,5,5,1,1,1,1,1,1,1,1,1,1,1,1,1,1,1,0,0,5,1,1,1,1,1,5,5,5
000015HZ,石井正弘,73,1,33,公明,4,2,3,2,3,3,3,3,2,3,3,3,3,2,3,3,3,4,3,5,2,3,3,4,3,2,1,1,0,0,0,0,1,1,0,1,1,0,0,1,0,0,3,3,3,3,1,1,1,1,1
00002G8S,原田謙介,33,4,33,国民/社民,1,4,4,4,3,4,4,2,2,5,1,1,2,5,5,5,1,4,1,5,3,4,2,4,4,3,66,66,66,66,66,66,66,66,66,66,66,66,66,66,66,66,1,1,2,5,4,4,4,4,5
00002GH3,越智寛之,45,13,33,0,1,5,5,3,3,3,3,1,3,3,1,3,2,2,5,5,3,3,1,1,3,3,3,5,3,4,66,66,66,66,66,66,66,66,66,66,66,66,66,66,66,66,1,1,3,3,3,3,3,3,3
ZZZZZ3Y8,河井案里,45,1,34,公明,1,1,4,1,5,1,1,3,2,5,3,3,3,1,4,5,3,2,1,5,3,2,1,4,2,1,1,0,0,0,0,0,0,0,0,0,0,0,0,0,0,0,4,5,5,2,1,1,1,1,1
00002GAA,泉安政,66,12,34,0,1,5,5,5,3,5,5,2,4,5,1,1,1,3,5,4,1,5,3,1,5,3,1,5,5,1,0,0,0,0,1,1,0,0,0,1,0,0,0,0,1,1,3,3,3,5,5,5,5,5,5
000021UY,玉田憲勲,61,3,34,0,1,5,5,2,5,3,5,3,4,5,1,1,1,5,5,2,1,5,4,1,1,5,4,5,5,5,66,66,66,66,66,66,66,66,66,66,66,66,66,66,66,66,1,1,3,3,5,5,5,5,5
000004FF,高見篤己,67,6,34,0,1,5,5,5,5,2,3,5,3,5,1,1,5,5,5,1,1,4,5,3,5,5,5,3,5,5,66,66,66,66,66,66,66,66,66,66,66,66,66,66,66,66,1,1,2,5,5,5,5,4,5
00002GIN,加陽輝実,69,13,34,0,1,2,2,3,2,1,1,2,2,3,4,5,1,1,2,2,5,5,1,1,5,5,2,2,4,1,1,1,0,0,0,1,1,0,0,0,0,1,1,1,0,0,5,3,3,2,4,4,4,2,3
ZZZZZ5AS,森本真治,46,3,34,立憲/国民/社民,4,2,3,3,4,3,2,3,2,3,1,2,3,4,99,99,99,4,2,4,2,5,5,5,3,5,66,66,66,66,66,66,66,66,66,66,66,66,66,66,66,66,1,3,1,3,5,5,5,5,5
ZZZZZ14E,溝手顕正,76,1,34,公明,4,2,2,2,3,2,2,3,2,3,3,3,3,2,3,3,4,4,2,3,2,3,4,3,2,2,1,1,1,1,1,1,1,1,0,1,1,0,0,0,0,0,2,3,2,3,2,2,2,2,2
ZZZZZ14L,林芳正,58,1,35,公明,4,99,99,5,99,99,99,99,1,99,99,99,99,99,99,99,99,99,99,99,1,99,99,99,99,2,0,0,1,0,0,0,1,1,0,0,0,0,0,1,0,0,3,3,3,3,2,1,1,1,99
00002GHW,竹本秀之,63,3,35,0,1,3,4,3,5,1,1,3,4,5,1,4,3,5,5,3,1,1,3,3,5,5,3,1,3,4,66,66,66,66,66,66,66,66,66,66,66,66,66,66,66,66,1,1,1,1,5,5,5,5,5
000019MC,河井美和子,56,11,35,0,1,1,1,1,1,1,1,1,2,2,3,4,3,1,1,4,5,2,1,4,5,3,3,5,2,1,1,1,0,0,0,0,0,0,0,0,0,0,0,0,0,0,4,4,4,2,5,5,4,4,5
00001V8V,大内一也,45,5,35,立憲/共産/社民,1,4,4,5,5,3,2,2,2,4,1,1,3,4,4,3,2,3,2,1,4,4,2,2,3,4,66,66,66,66,66,66,66,66,66,66,66,66,66,66,66,66,1,3,3,3,4,5,5,5,5
00002GJ5,石川新一郎,65,13,36,0,1,2,3,3,3,2,1,1,2,3,2,2,1,4,2,3,2,2,2,2,3,2,3,3,4,2,0,0,1,1,1,0,0,0,1,0,1,1,1,0,1,0,1,1,2,2,4,4,4,2,5
ZZZZZ477,高野光二郎,44,1,36,公明,4,2,3,2,2,1,2,4,4,2,4,5,1,2,2,2,2,3,3,5,2,3,3,4,3,1,0,1,1,0,0,1,1,1,0,1,1,1,0,1,0,0,3,3,2,3,2,2,4,4,5
000022TL,松本顕治,35,3,36,0,1,5,5,5,5,3,3,5,3,5,1,1,3,3,5,1,1,3,5,3,5,5,5,3,5,5,66,66,66,66,66,66,66,66,66,66,66,66,66,66,66,66,1,1,3,5,5,5,5,5,5
00002GJK,野村秀邦,69,3,36,0,1,5,5,5,1,3,5,4,5,4,2,2,2,5,4,2,1,5,1,5,5,5,2,4,4,5,66,66,66,66,66,66,66,66,66,66,66,66,66,66,66,66,1,1,5,5,5,5,5,5,5
00002GFP,尾田美和子,46,3,37,立憲/国民/社民,1,3,5,4,4,4,4,3,2,4,1,2,3,4,4,2,3,5,4,3,5,4,4,5,5,4,66,66,66,66,66,66,66,66,66,66,66,66,66,66,66,66,2,3,2,3,5,5,4,3,5
00001NRR,三宅伸吾,57,1,37,公明,4,2,3,3,3,2,3,3,2,3,2,3,3,2,3,3,4,3,2,4,2,4,2,4,4,1,1,0,0,1,1,0,1,1,0,0,1,0,1,1,0,0,2,4,3,3,2,1,2,2,3
00002CLI,田中邦明,46,13,37,0,1,0,0,0,0,0,0,0,0,0,0,0,0,0,0,0,0,0,0,0,0,0,0,0,0,0,0,0,0,0,0,0,0,0,0,0,0,0,0,0,0,0,0,0,0,0,0,0,0,0,0
00002G7X,らくさぶろう,54,1,38,公明,1,1,5,1,3,2,3,3,2,3,3,3,3,1,3,4,4,4,1,5,3,4,2,4,2,1,1,0,0,0,0,0,1,1,0,0,0,0,0,1,0,0,3,3,3,3,1,1,1,1,1
000015W2,永江孝子,59,3,38,0,1,3,4,4,5,2,2,2,2,5,1,2,1,5,5,3,1,4,1,3,5,5,3,2,2,4,66,66,66,66,66,66,66,66,66,66,66,66,66,66,66,66,2,2,2,3,5,5,5,5,5
00002GJ6,椋本薫,45,13,38,0,1,0,0,0,0,0,0,0,0,0,0,0,0,0,0,0,0,0,0,0,0,0,0,0,0,0,0,0,0,0,0,0,0,0,0,0,0,0,0,0,0,0,0,0,0,0,0,0,0,0,0
00002GEW,春田久美子,52,5,40,0,1,4,5,4,4,4,4,2,2,5,1,2,3,5,3,3,4,5,4,1,3,3,4,4,5,4,66,66,66,66,66,66,66,66,66,66,66,66,66,66,66,66,1,2,3,4,5,5,5,5,5
00002GJ9,川口尚宏,50,13,40,0,1,0,0,0,0,0,0,0,0,0,0,0,0,0,0,0,0,0,0,0,0,0,0,0,0,0,0,0,0,0,0,0,0,0,0,0,0,0,0,0,0,0,0,0,0,0,0,0,0,0,0
00001RU4,河野祥子,39,6,40,0,1,4,5,5,5,2,3,4,3,5,1,1,3,3,3,2,1,4,4,3,5,5,3,3,3,5,66,66,66,66,66,66,66,66,66,66,66,66,66,66,66,66,1,3,3,3,5,5,5,5,5
ZZZZZEJX,浜武振一,53,15,40,0,1,5,5,5,5,1,1,3,3,5,3,3,1,5,5,1,2,3,3,4,5,3,3,5,3,3,66,66,66,66,66,66,66,66,66,66,66,66,66,66,66,66,1,1,1,3,5,5,5,1,5
00002GFV,下野六太,55,2,40,自民,1,3,4,4,4,2,3,3,2,2,2,2,3,2,4,4,3,3,2,2,2,4,3,3,3,4,66,66,66,66,66,66,66,66,66,66,66,66,66,66,66,66,2,3,3,3,2,2,3,3,4
00001A5U,本藤昭子,77,16,40,0,1,3,3,3,3,3,3,3,3,3,3,3,3,3,3,3,3,3,3,3,3,3,3,3,3,3,66,66,66,66,66,66,66,66,66,66,66,66,66,66,66,66,3,3,3,3,3,3,3,3,3
000000XQ,野田国義,61,4,40,社民,4,3,3,2,3,4,4,3,2,2,2,2,2,3,4,2,2,4,4,4,4,4,4,2,4,4,66,66,66,66,66,66,66,66,66,66,66,66,66,66,66,66,1,1,1,5,5,5,5,5,5
00001O40,江夏正敏,51,11,40,0,1,1,1,1,2,2,2,2,2,3,4,4,3,1,2,3,5,3,1,3,5,2,2,1,2,1,1,1,0,0,0,0,0,0,1,1,0,0,1,0,0,0,2,5,5,1,4,3,3,4,4
ZZZZZ15K,松山政司,60,1,40,0,4,0,0,0,0,0,0,0,0,0,0,0,0,0,0,0,0,0,0,0,0,0,0,0,0,0,0,0,0,0,0,0,0,0,0,0,0,0,0,0,0,0,0,0,0,0,0,0,0,0,0
00001PEG,山下雄平,39,1,41,公明,4,0,0,0,0,0,0,0,0,0,0,0,0,0,0,0,0,0,0,0,0,0,0,0,0,0,0,0,0,0,0,0,0,0,0,0,0,0,0,0,0,0,0,0,0,0,0,0,0,0,0
ZZZZZ165,犬塚直史,64,5,41,立憲/社民,2,3,3,4,3,3,4,3,1,4,1,1,1,5,4,4,2,5,2,2,3,5,3,4,4,2,0,0,0,1,0,0,0,0,0,0,0,0,0,0,0,0,1,1,3,3,5,5,5,5,5
00001ON4,古賀友一郎,51,1,42,公明,4,3,3,3,3,3,3,3,3,3,3,3,3,2,4,3,3,4,3,5,2,3,3,4,4,1,1,0,0,0,0,0,0,1,0,1,0,0,0,0,0,0,3,3,3,3,2,2,2,2,2
00002GB0,白川鮎美,39,5,42,立憲/社民,1,5,5,5,4,2,3,3,2,4,1,2,3,5,4,3,3,4,3,4,2,4,2,4,4,4,66,66,66,66,66,66,66,66,66,66,66,66,66,66,66,66,1,2,1,3,4,4,5,4,5
00002DHR,神谷幸太郎,43,13,42,0,1,2,3,1,3,1,1,3,4,3,2,3,3,2,4,2,3,1,4,2,5,2,2,2,2,2,1,1,0,0,0,0,0,0,1,0,1,0,0,0,0,0,2,5,4,2,4,3,3,4,5
ZZZZZ4GM,馬場成志,54,1,43,公明,4,2,5,2,5,1,2,5,2,3,4,99,99,2,4,2,4,4,3,5,4,2,3,3,4,1,0,0,0,0,0,0,0,1,0,0,0,0,0,1,0,0,99,99,99,99,2,1,2,2,4
000021LL,阿部広美,52,3,43,共産/社民,1,5,5,5,5,3,2,5,2,4,1,1,1,4,4,4,1,3,4,1,4,5,5,3,2,3,66,66,66,66,66,66,66,66,66,66,66,66,66,66,66,66,1,1,3,3,4,4,3,4,5
00002GIW,最勝寺辰也,38,13,43,0,1,1,1,1,4,2,1,3,4,2,2,3,3,2,2,2,4,2,1,4,5,2,2,1,1,1,1,1,0,0,0,0,0,0,0,0,0,0,0,1,0,0,3,5,4,1,4,2,4,5,3
000011M7,礒崎陽輔,61,1,44,公明,4,2,3,2,4,1,2,4,2,3,3,5,3,2,4,3,3,4,3,4,3,4,4,3,2,1,1,0,0,0,0,0,1,1,0,0,0,0,0,1,0,0,5,5,4,4,1,1,1,2,2
00001U4R,安達澄,49,3,44,立憲/国民/社民,1,3,5,4,4,3,4,3,2,3,1,3,2,4,4,3,2,4,2,4,3,4,3,4,4,4,66,66,66,66,66,66,66,66,66,66,66,66,66,66,66,66,2,3,3,3,5,4,4,4,5
2.00E+59,牧原慶一郎,41,13,44,0,1,3,3,3,3,3,3,3,3,3,3,3,3,3,3,3,3,3,3,3,3,3,3,3,3,3,66,66,66,66,66,66,66,66,66,66,66,66,66,66,66,66,3,3,3,3,3,3,3,3,3
ZZZZZ4KI,長峯誠,49,1,45,公明,4,2,2,2,4,3,3,5,2,5,4,4,4,2,3,3,3,4,3,5,2,3,4,4,3,1,1,0,0,0,0,0,0,1,0,0,0,0,1,0,0,0,3,4,3,3,1,1,2,2,2
000019D7,河野一郎,59,11,45,0,1,1,1,1,1,2,2,1,1,2,5,5,3,1,1,1,5,2,1,4,5,2,3,5,4,1,1,1,0,0,0,1,0,0,1,0,0,0,0,0,0,1,1,5,5,3,4,5,5,3,5
00002GFU,園生裕造,41,4,45,国民/社民,1,3,4,2,4,5,4,1,4,4,2,1,4,2,3,4,2,5,2,2,2,3,4,4,4,4,66,66,66,66,66,66,66,66,66,66,66,66,66,66,66,66,2,4,3,3,4,4,4,4,5
0000070O,前田終止,71,3,46,0,1,2,3,3,4,1,2,2,2,1,2,2,3,2,3,2,3,3,1,3,3,4,3,4,2,2,0,0,1,0,0,0,1,0,0,0,1,0,0,1,0,0,2,2,2,2,2,2,2,2,4
00002GAJ,合原千尋,39,3,46,国民,1,4,3,3,5,2,4,3,3,5,1,3,3,3,4,3,3,4,4,3,3,4,4,3,5,3,66,66,66,66,66,66,66,66,66,66,66,66,66,66,66,66,2,3,3,3,4,4,4,4,5
ZZZZZ175,尾辻秀久,78,1,46,公明,4,2,3,2,5,1,2,4,3,3,2,3,1,2,5,3,3,2,5,5,2,5,4,3,2,1,99,99,99,99,99,99,99,99,99,99,99,99,99,99,99,99,2,99,99,99,1,1,2,1,2
00002GFR,安里繁信,49,1,47,公明,1,2,2,3,3,3,3,2,2,3,3,3,3,3,3,3,3,4,2,3,3,3,3,4,4,2,1,0,0,0,0,1,0,0,0,0,0,0,0,1,0,0,4,4,4,3,2,1,2,2,3
00002GFS,高良鉄美,65,3,47,0,1,99,99,99,99,99,99,99,99,99,99,99,99,5,4,2,1,5,4,5,5,5,5,5,4,5,66,66,66,66,66,66,66,66,66,66,66,66,66,66,66,66,3,3,3,5,5,5,5,5,5
00002GI3,磯山秀夫,72,13,47,0,1,5,5,5,5,3,3,3,5,5,1,1,1,5,5,3,1,3,3,3,1,5,5,3,3,5,66,66,66,66,66,66,66,66,66,66,66,66,66,66,66,66,5,5,3,3,5,5,5,5,5
00002GJL,玉利朝輝,60,3,47,0,1,0,0,0,0,0,0,0,0,0,0,0,0,0,0,0,0,0,0,0,0,0,0,0,0,0,0,0,0,0,0,0,0,0,0,0,0,0,0,0,0,0,0,0,0,0,0,0,0,0,0
00000NHD,三木亨,52,1,66,0,4,2,1,3,4,2,3,3,2,3,3,3,3,1,3,3,4,3,3,5,4,4,2,3,3,2,1,0,0,0,0,0,1,1,0,0,0,0,0,1,0,0,3,3,3,3,1,1,1,1,2
000008WI,三浦靖,46,1,66,0,1,2,3,2,4,1,1,3,2,4,2,4,3,2,4,4,4,4,4,5,2,4,4,4,3,1,1,0,0,0,0,0,1,1,0,0,0,0,0,1,0,0,2,2,2,2,1,1,1,1,1
000004G3,赤池誠章,58,1,66,0,4,1,2,2,3,2,1,2,3,3,5,5,4,1,3,3,4,2,3,3,3,3,3,3,3,1,1,0,0,0,0,0,1,0,0,0,0,0,1,0,0,0,5,5,5,1,1,1,2,3,3
ZZZZZ171,有村治子,48,1,66,0,4,99,99,99,99,99,99,99,99,99,5,5,99,99,99,99,99,99,99,99,99,99,99,99,99,1,99,99,99,99,99,99,99,99,99,99,99,99,99,99,99,99,5,5,5,1,99,99,99,99,99
00001P2D,石田昌宏,52,1,66,0,4,0,0,0,0,0,0,0,0,0,0,0,0,0,0,0,0,0,0,0,0,0,0,0,0,0,0,0,0,0,0,0,0,0,0,0,0,0,0,0,0,0,0,0,0,0,0,0,0,0,0
000004TZ,糸川正晃,44,1,66,0,1,1,2,3,4,2,2,3,2,2,3,2,2,2,3,2,3,4,2,3,3,5,5,4,3,1,99,99,99,99,99,99,99,99,99,99,99,99,99,99,99,99,3,3,3,4,1,1,2,3,3
0000181S,井上義行,56,1,66,0,3,1,1,1,3,1,1,3,3,3,5,5,3,1,3,3,3,2,2,3,3,3,3,3,3,1,1,0,0,0,0,0,1,0,0,0,0,0,0,1,0,1,3,3,3,3,1,1,1,1,1
ZZZZZ0UA,衛藤晟一,71,1,66,0,4,0,0,0,0,0,0,0,0,0,0,0,0,0,0,0,0,0,0,0,0,0,0,0,0,0,0,0,0,0,0,0,0,0,0,0,0,0,0,0,0,0,0,0,0,0,0,0,0,0,0
00002GD7,小川真史,63,1,66,0,1,3,4,5,4,2,2,2,1,1,2,3,3,3,2,4,3,4,2,1,2,4,1,3,3,3,66,66,66,66,66,66,66,66,66,66,66,66,66,66,66,66,1,3,2,3,2,1,4,3,5
ZZZZZ131,尾立源幸,55,1,66,0,3,99,99,99,99,99,99,99,99,99,99,99,99,99,99,99,99,99,99,99,99,99,99,99,99,99,66,66,66,66,66,66,66,66,66,66,66,66,66,66,66,66,99,99,99,99,99,99,99,99,99
00001VQM,角田充由,44,1,66,0,1,2,3,3,4,2,2,3,2,3,3,3,3,3,3,2,3,3,3,3,3,4,3,3,3,2,1,1,0,0,0,0,0,0,0,0,0,0,0,0,0,0,3,3,3,3,1,1,1,2,2
00001P0R,北村経夫,64,1,66,0,4,1,1,2,4,1,1,2,2,2,5,5,5,1,3,3,5,2,2,5,99,99,99,99,99,1,99,99,99,99,99,99,99,99,99,99,99,99,99,99,99,99,5,5,5,5,1,1,1,1,1
ZZZZZ0RA,木村義雄,71,1,66,0,4,1,99,3,5,1,1,3,1,5,5,99,99,2,3,1,5,1,3,5,5,5,3,1,1,1,0,1,0,0,0,0,1,1,0,0,0,0,0,0,0,0,99,99,99,99,1,1,3,3,3
ZZZZZ0LJ,熊田篤嗣,48,1,66,0,1,2,3,2,3,2,3,1,1,3,5,5,3,2,3,2,4,3,3,5,5,3,3,4,2,1,0,0,0,0,0,0,0,1,0,0,1,1,1,0,0,1,4,5,4,4,2,1,2,1,2
000011FU,佐藤信秋,71,1,66,0,4,1,3,3,4,1,1,3,3,2,3,3,5,1,2,2,4,2,4,5,3,3,5,1,1,99,66,66,66,66,66,66,66,66,66,66,66,66,66,66,66,66,99,99,99,99,1,1,1,1,2
000011G1,佐藤正久,58,1,66,0,4,0,0,0,0,0,0,0,0,0,0,0,0,0,0,0,0,0,0,0,0,0,0,0,0,0,0,0,0,0,0,0,0,0,0,0,0,0,0,0,0,0,0,0,0,0,0,0,0,0,0
ZZZZZ17D,山東昭子,77,1,66,0,4,3,4,3,3,1,2,1,2,1,5,5,3,1,2,3,5,3,2,5,3,2,2,3,3,1,1,0,1,0,0,1,1,1,0,0,0,0,0,1,0,0,1,1,2,5,2,1,3,1,1
00002GB4,田中昌史,53,1,66,0,1,2,3,2,4,2,2,3,2,2,3,3,3,2,3,4,4,3,2,4,2,4,3,3,3,2,1,0,0,0,0,0,1,1,0,0,0,0,1,0,0,0,2,3,3,3,1,1,3,3,3
00001OZZ,柘植芳文,73,1,66,0,4,2,1,2,3,1,1,1,1,3,2,1,1,1,5,4,3,2,2,5,2,5,3,4,5,2,0,0,0,1,0,0,0,1,0,0,0,0,0,1,0,0,3,3,3,3,2,1,2,3,4
191,中田宏,54,1,66,0,1,2,2,3,3,3,3,2,2,3,4,4,2,3,3,3,4,4,3,4,3,3,3,4,4,2,1,1,0,0,0,0,0,0,1,0,0,0,0,0,0,0,4,3,2,3,3,2,2,2,3
ZZZZZ17K,橋本聖子,54,1,66,0,4,1,3,3,3,2,3,3,2,3,3,2,2,2,3,2,4,4,2,5,2,3,3,4,3,1,1,0,1,0,0,0,1,0,0,0,0,0,1,1,0,0,2,5,3,2,2,2,2,2,2
00001P00,羽生田俊,71,1,66,0,4,0,0,0,0,0,0,0,0,0,0,0,0,0,0,0,0,0,0,0,0,0,0,0,0,0,0,0,0,0,0,0,0,0,0,0,0,0,0,0,0,0,0,0,0,0,0,0,0,0,0
00001MM2,比嘉奈津美,60,1,66,0,1,1,3,2,3,2,2,2,3,2,3,5,4,2,2,4,4,4,4,2,4,4,2,2,4,1,1,1,0,0,0,0,0,0,0,0,0,0,0,1,0,0,5,5,5,1,1,1,2,2,2
00001CJG,本田顕子,47,1,66,0,1,1,2,1,5,2,2,1,4,2,1,5,3,1,2,1,3,3,1,2,3,2,2,3,2,1,1,1,1,0,0,1,1,0,0,1,1,0,0,1,0,0,5,5,5,2,1,1,2,4,4
000011WI,丸山和也,73,1,66,0,4,2,2,3,2,3,4,3,2,4,2,2,1,3,2,3,3,5,1,2,2,3,2,4,4,1,1,0,1,1,0,0,0,0,0,0,1,0,0,0,0,0,2,2,2,4,2,2,3,3,4
00002GDP,水口尚人,39,1,66,0,1,1,99,3,5,1,1,1,3,99,5,3,1,1,5,1,4,3,4,4,4,5,5,1,1,1,1,0,0,0,0,1,0,0,0,0,0,0,0,1,0,0,1,5,3,2,2,1,2,2,2
00002GDG,宮崎雅夫,55,1,66,0,1,2,3,2,3,2,2,3,3,3,3,3,3,2,3,2,4,3,3,4,3,3,4,3,3,1,1,0,0,0,0,0,0,0,0,0,0,0,0,1,0,0,3,3,3,3,1,1,1,1,1
00001OZU,宮本周司,48,1,66,0,4,2,3,2,4,2,2,3,3,3,3,3,3,3,3,2,4,3,3,4,4,3,4,3,3,2,99,99,99,99,99,99,99,99,99,99,99,99,99,99,99,99,3,3,3,3,1,1,1,1,1
00002GA5,森本勝也,43,1,66,0,1,1,3,3,3,1,1,1,1,3,1,3,5,1,3,2,2,1,1,5,1,1,1,3,2,1,1,1,0,0,0,0,0,0,0,0,0,0,0,1,0,0,5,5,1,1,3,1,2,2,2
00001CKC,山田太郎,52,1,66,0,3,0,0,0,0,0,0,0,0,0,0,0,0,0,0,0,0,0,0,0,0,0,0,0,0,0,0,0,0,0,0,0,0,0,0,0,0,0,0,0,0,0,0,0,0,0,0,0,0,0,0
000011FZ,山田俊男,72,1,66,0,4,4,5,5,5,1,2,5,2,5,5,5,1,5,5,4,2,1,4,5,5,2,5,1,2,5,66,66,66,66,66,66,66,66,66,66,66,66,66,66,66,66,1,3,3,3,2,2,2,2,5
00002GAV,山本左近,37,1,66,0,1,3,2,2,4,2,2,3,1,2,1,1,3,2,4,3,3,2,2,2,3,4,2,2,2,2,1,1,0,0,0,0,1,1,0,0,0,0,0,0,0,0,2,2,2,3,1,1,3,2,2
00001PD4,和田政宗,44,1,66,0,4,1,2,1,5,1,1,3,3,3,5,5,4,1,3,3,4,2,2,5,5,4,4,1,1,1,1,0,0,0,0,1,0,1,0,0,0,1,1,1,0,0,3,5,5,1,1,1,1,1,1
ZZZZZ091,若松謙維,63,2,66,0,4,3,5,3,3,2,3,3,2,3,2,3,3,3,3,2,3,3,2,2,3,3,2,4,3,3,66,66,66,66,66,66,66,66,66,66,66,66,66,66,66,66,2,2,2,3,2,2,2,3,3
00001OVG,平木大作,44,2,66,0,4,3,5,3,5,2,2,2,2,3,1,1,3,3,3,4,4,3,2,2,1,3,2,2,3,3,66,66,66,66,66,66,66,66,66,66,66,66,66,66,66,66,2,2,2,3,2,1,3,3,4
00001PCY,新妻秀規,49,2,66,0,4,3,5,4,5,2,3,3,1,5,2,2,3,3,3,4,4,5,2,1,2,4,2,5,4,2,0,0,1,1,0,0,0,0,0,0,0,0,0,0,0,0,1,1,1,3,2,2,2,3,4
ZZZZZ1A9,山本香苗,48,2,66,0,4,3,4,3,4,3,3,4,3,4,2,3,4,2,3,3,3,4,4,2,3,3,3,3,3,2,0,0,0,0,0,0,0,0,0,0,0,0,0,0,0,1,2,3,3,3,2,2,2,2,3
000011DP,山本博司,64,2,66,0,4,3,4,2,4,3,2,3,2,3,3,3,3,3,4,3,4,3,3,3,3,3,3,4,3,2,0,0,1,0,0,0,0,0,0,0,0,0,0,0,0,0,3,3,3,3,2,2,2,2,2
00001PCX,河野義博,41,2,66,0,4,99,99,99,3,99,99,99,99,99,3,3,4,99,99,99,99,99,2,2,99,99,99,99,99,99,66,66,66,66,66,66,66,66,66,66,66,66,66,66,66,66,99,99,99,99,2,1,2,2,99
00002GIP,塩田博昭,57,2,66,0,1,2,5,2,4,2,3,3,1,5,1,2,3,1,4,4,3,4,2,3,4,4,4,4,2,3,66,66,66,66,66,66,66,66,66,66,66,66,66,66,66,66,3,3,3,3,1,1,2,2,2
00001A66,高橋次郎,51,2,66,0,1,3,5,2,4,3,3,3,1,4,1,2,3,1,3,4,3,4,2,3,4,4,4,4,2,3,66,66,66,66,66,66,66,66,66,66,66,66,66,66,66,66,3,3,3,3,1,2,2,2,2
00002GIX,塩崎剛,48,2,66,0,1,3,5,3,4,3,3,3,1,4,2,3,3,1,3,4,3,4,3,3,4,4,4,4,2,3,66,66,66,66,66,66,66,66,66,66,66,66,66,66,66,66,3,3,3,3,1,2,2,2,2
00001O3M,村中克也,47,2,66,0,1,3,5,3,4,3,3,3,1,4,1,3,3,1,3,4,3,4,2,3,4,4,4,4,2,3,66,66,66,66,66,66,66,66,66,66,66,66,66,66,66,66,3,3,3,3,1,1,2,2,2
00002GIY,角田健一郎,47,2,66,0,1,3,5,3,4,2,3,3,1,5,1,2,3,1,4,4,3,4,2,3,4,4,4,4,2,3,66,66,66,66,66,66,66,66,66,66,66,66,66,66,66,66,3,3,3,3,1,2,2,2,2
00002GIM,西田義光,42,2,66,0,1,3,5,2,4,2,4,3,1,4,1,2,3,1,3,4,3,4,2,3,4,4,4,4,2,3,66,66,66,66,66,66,66,66,66,66,66,66,66,66,66,66,3,3,3,3,1,1,2,2,2
00002GIQ,国分隆作,41,2,66,0,1,3,5,3,4,3,3,3,1,4,2,2,3,1,3,4,3,4,3,3,4,4,4,4,2,3,66,66,66,66,66,66,66,66,66,66,66,66,66,66,66,66,3,3,3,3,1,1,2,2,2
00002GIV,竹島正人,41,2,66,0,1,2,5,3,4,3,3,3,1,4,1,2,3,1,4,4,3,4,2,3,4,4,4,4,2,3,66,66,66,66,66,66,66,66,66,66,66,66,66,66,66,66,3,3,3,3,1,1,2,2,2
000021W5,坂本道応,40,2,66,0,1,2,5,2,4,4,3,3,1,4,1,2,3,1,4,4,4,4,2,3,4,4,4,4,2,3,66,66,66,66,66,66,66,66,66,66,66,66,66,66,66,66,3,3,3,3,1,2,2,2,2
00002GJ0,藤井伸城,39,2,66,0,1,3,5,3,4,3,3,3,1,4,2,3,3,1,3,4,3,4,2,3,4,4,4,4,2,3,66,66,66,66,66,66,66,66,66,66,66,66,66,66,66,66,3,3,3,3,1,2,2,2,2
00002GIJ,奈良直記,38,2,66,0,1,3,5,3,4,2,3,3,1,4,2,3,3,1,3,4,4,3,3,3,4,4,4,4,2,3,66,66,66,66,66,66,66,66,66,66,66,66,66,66,66,66,3,3,3,3,1,1,2,2,2
00001WVQ,石川大我,45,4,66,0,1,4,5,4,4,3,2,3,2,4,1,1,2,3,4,2,1,4,3,2,5,4,4,3,5,4,66,66,66,66,66,66,66,66,66,66,66,66,66,66,66,66,2,2,2,3,5,4,4,4,5
00002GJ7,市井紗耶香,35,4,66,0,1,3,5,3,4,3,3,3,3,5,1,1,3,3,3,3,1,3,3,3,5,4,4,3,3,4,66,66,66,66,66,66,66,66,66,66,66,66,66,66,66,66,2,2,2,4,4,3,3,3,5
00002GI6,今泉真緒,40,4,66,0,1,4,4,4,4,2,2,3,2,4,1,1,3,5,4,3,1,2,3,2,4,4,3,2,2,3,66,66,66,66,66,66,66,66,66,66,66,66,66,66,66,66,2,2,3,3,4,4,4,4,5
00002GJ4,奥村政佳,41,4,66,0,1,3,4,4,4,3,3,3,2,4,1,1,2,3,4,2,1,3,3,2,5,4,3,3,3,4,66,66,66,66,66,66,66,66,66,66,66,66,66,66,66,66,2,2,2,5,4,4,3,3,5
00002GER,小沢雅仁,53,4,66,0,1,5,5,5,4,2,4,3,2,5,1,2,3,3,4,2,1,5,4,2,5,5,5,4,4,4,66,66,66,66,66,66,66,66,66,66,66,66,66,66,66,66,2,2,2,5,5,5,5,5,5
00002GB3,おしどりマコ,44,4,66,0,1,5,5,5,5,3,2,3,3,5,1,1,1,5,5,2,1,2,4,2,5,5,4,2,2,4,66,66,66,66,66,66,66,66,66,66,66,66,66,66,66,66,2,3,3,3,5,5,5,5,5
00002GD0,小俣一平,67,4,66,0,1,5,5,5,5,4,5,4,3,5,1,1,2,5,5,2,1,5,5,4,5,5,4,5,5,5,66,66,66,66,66,66,66,66,66,66,66,66,66,66,66,66,1,1,1,5,5,5,5,5,5
000011HX,川田龍平,43,4,66,0,4,5,5,4,5,1,1,5,3,5,1,1,1,5,5,1,1,1,5,3,5,5,5,1,3,5,66,66,66,66,66,66,66,66,66,66,66,66,66,66,66,66,1,1,3,3,5,5,5,5,5
00002G8O,岸真紀子,43,4,66,0,1,5,5,5,5,2,3,4,2,5,1,1,3,5,5,3,1,4,5,2,2,4,4,4,4,4,66,66,66,66,66,66,66,66,66,66,66,66,66,66,66,66,3,3,3,3,5,5,5,5,5
00001ULP,斉藤里恵,35,4,66,0,1,4,5,4,5,4,2,3,2,1,1,1,2,2,1,2,1,5,1,2,5,3,4,3,4,1,1,0,0,0,0,1,0,0,0,0,0,0,0,1,0,0,1,1,1,3,4,2,4,5,5
000021RW,佐藤香,51,4,66,0,1,5,5,5,5,2,3,3,2,5,1,1,3,5,5,1,1,5,5,3,5,5,5,5,5,4,66,66,66,66,66,66,66,66,66,66,66,66,66,66,66,66,1,5,5,5,5,5,5,5,5
00001HI6,塩見俊次,70,4,66,0,1,5,5,5,2,2,4,4,5,5,1,1,1,5,5,4,1,3,4,3,3,5,3,3,4,5,66,66,66,66,66,66,66,66,66,66,66,66,66,66,66,66,1,2,2,5,5,5,5,5,5
00002GGE,白沢みき,52,4,66,0,1,5,5,4,3,2,4,1,1,5,1,1,2,5,5,2,2,4,1,2,4,3,2,5,4,5,66,66,66,66,66,66,66,66,66,66,66,66,66,66,66,66,2,2,2,5,4,4,4,4,5
00002GEV,須藤元気,41,4,66,0,1,4,4,5,3,3,3,3,2,3,2,2,3,3,3,3,1,3,2,2,5,3,3,3,3,3,66,66,66,66,66,66,66,66,66,66,66,66,66,66,66,66,1,1,3,3,4,4,4,4,4
00002GHM,中村起子,54,4,66,0,1,3,5,2,4,2,2,2,4,5,1,2,1,4,5,1,2,2,4,4,1,2,3,2,4,2,0,0,0,0,0,0,0,0,0,0,1,1,0,0,1,0,1,2,2,1,5,4,5,4,5
00002GA4,深貝亨,65,4,66,0,1,4,5,5,2,5,5,3,2,4,2,3,2,5,5,3,1,5,2,1,4,1,2,5,5,4,66,66,66,66,66,66,66,66,66,66,66,66,66,66,66,66,1,2,2,5,5,4,5,5,5
ZZZZZ0CA,藤田幸久,69,4,66,0,4,4,5,4,4,2,3,4,2,5,1,1,2,3,4,2,2,4,4,3,4,4,3,2,4,4,66,66,66,66,66,66,66,66,66,66,66,66,66,66,66,66,1,2,2,2,4,4,4,4,5
00001O5A,真野哲,58,4,66,0,1,4,5,4,4,2,4,1,4,4,2,2,3,4,4,4,2,4,3,4,5,4,4,4,4,3,66,66,66,66,66,66,66,66,66,66,66,66,66,66,66,66,2,4,4,4,4,4,5,4,5
ZZZZZ13C,水岡俊一,63,4,66,0,3,5,5,5,5,2,4,3,4,5,1,1,2,4,4,3,1,4,3,4,4,4,3,4,4,5,66,66,66,66,66,66,66,66,66,66,66,66,66,66,66,66,2,3,3,3,5,5,5,5,5
000020O3,森屋隆,52,4,66,0,1,5,5,5,4,3,3,3,3,5,1,3,3,4,4,3,2,4,4,4,3,4,4,3,3,4,66,66,66,66,66,66,66,66,66,66,66,66,66,66,66,66,3,3,3,3,5,4,4,4,5
000011DI,吉川沙織,42,4,66,0,4,99,99,99,4,3,99,99,3,4,1,99,99,99,99,99,99,99,99,99,99,99,99,99,99,99,66,66,66,66,66,66,66,66,66,66,66,66,66,66,66,66,99,99,99,99,99,99,99,99,99
ZZZZZ4UF,若林智子,57,4,66,0,1,5,5,5,4,2,1,4,3,5,1,1,1,5,5,2,1,2,2,3,4,5,4,3,2,4,66,66,66,66,66,66,66,66,66,66,66,66,66,66,66,66,1,1,3,5,4,5,5,5,5
00001OVA,石上俊雄,57,5,66,0,4,3,5,3,4,3,4,3,3,3,2,2,4,4,4,2,4,4,3,3,3,3,3,3,3,3,66,66,66,66,66,66,66,66,66,66,66,66,66,66,66,66,2,3,3,3,4,4,4,4,5
00001OV9,礒崎哲史,50,5,66,0,4,3,3,2,4,3,2,2,3,3,3,3,2,4,3,4,3,3,2,4,2,3,2,4,3,3,66,66,66,66,66,66,66,66,66,66,66,66,66,66,66,66,3,3,3,3,5,4,3,3,5
ZZZZZ0SX,大島九州男,58,5,66,0,4,5,99,5,99,99,99,99,99,99,99,99,99,99,99,99,99,99,99,99,99,99,99,99,99,5,66,66,66,66,66,66,66,66,66,66,66,66,66,66,66,66,99,99,99,99,99,99,99,99,99
00002GDT,小山田経子,41,5,66,0,1,4,5,4,5,2,2,2,2,2,1,1,2,4,4,2,2,3,4,2,4,4,4,3,3,4,66,66,66,66,66,66,66,66,66,66,66,66,66,66,66,66,2,2,3,4,4,4,3,3,5
00001GIK,酒井亮介,47,5,66,0,1,2,3,2,4,2,2,1,3,4,1,2,3,4,3,2,3,2,1,1,3,2,1,2,2,2,1,0,0,0,0,0,1,0,0,0,0,0,0,0,0,0,3,4,3,4,5,4,5,5,5
00002GHN,鈴木覚,40,5,66,0,1,1,5,3,4,4,2,3,2,3,1,2,3,2,3,3,3,4,2,3,3,4,2,3,3,3,66,66,66,66,66,66,66,66,66,66,66,66,66,66,66,66,1,3,1,3,5,5,5,5,5
00002GB5,田中久弥,60,5,66,0,1,3,3,3,3,2,3,4,3,3,2,3,3,3,5,3,3,4,3,3,3,3,3,3,3,3,66,66,66,66,66,66,66,66,66,66,66,66,66,66,66,66,2,4,2,2,5,4,4,3,5
00002G92,田村麻美,43,5,66,0,1,2,4,3,4,4,3,2,5,3,2,3,1,3,3,4,3,4,3,4,2,4,2,4,5,2,1,0,0,0,1,0,0,1,0,0,0,1,0,0,1,0,1,5,1,1,4,2,5,2,5
ZZZZZ0AR,中沢健,64,5,66,0,1,3,5,4,5,3,3,2,2,3,2,3,2,4,4,2,4,5,4,1,1,3,3,4,4,99,66,66,66,66,66,66,66,66,66,66,66,66,66,66,66,66,2,2,2,3,5,4,4,4,5
00001OYN,浜野喜史,58,5,66,0,4,3,3,3,3,3,3,3,3,3,3,3,3,3,3,3,5,3,3,3,3,3,3,3,3,3,66,66,66,66,66,66,66,66,66,66,66,66,66,66,66,66,3,3,3,3,3,3,3,3,3
ZZZZZ3VT,姫井由美子,60,5,66,0,2,4,5,4,2,4,4,1,2,4,1,1,1,5,5,5,1,5,2,3,5,3,3,5,2,2,0,0,1,0,0,0,0,0,1,0,1,0,0,0,0,1,1,1,2,4,3,3,3,4,4
00001GXO,藤川武人,50,5,66,0,1,1,5,3,4,4,2,3,2,3,1,2,3,2,3,3,3,4,2,3,3,4,2,3,3,3,66,66,66,66,66,66,66,66,66,66,66,66,66,66,66,66,1,3,1,3,5,5,5,5,5
ZZZZZ19Z,円より子,72,5,66,0,2,3,5,2,3,2,3,2,2,3,1,3,2,3,3,3,3,3,3,1,4,3,2,3,4,4,66,66,66,66,66,66,66,66,66,66,66,66,66,66,66,66,1,1,1,3,4,4,4,4,4
00000N7N,山下容子,60,5,66,0,1,3,4,3,4,2,3,3,3,2,1,2,2,4,4,3,1,5,3,4,4,4,3,3,4,4,66,66,66,66,66,66,66,66,66,66,66,66,66,66,66,66,1,1,1,5,4,3,3,4,4
ZZZZZ1BG,小池晃,59,6,66,0,4,4,5,5,5,2,2,5,4,5,1,1,4,5,3,2,1,3,4,3,5,5,5,3,5,5,66,66,66,66,66,66,66,66,66,66,66,66,66,66,66,66,1,1,1,5,5,5,5,5,5
ZZZZZ0LV,山下芳生,59,6,66,0,4,5,5,5,5,2,3,5,3,5,1,1,5,5,5,1,1,4,5,3,5,5,5,3,5,5,66,66,66,66,66,66,66,66,66,66,66,66,66,66,66,66,1,1,2,4,5,5,5,5,5
ZZZZZ1B6,紙智子,64,6,66,0,4,5,5,5,5,2,2,5,4,5,1,1,5,99,5,1,1,4,5,99,5,5,5,3,5,5,66,66,66,66,66,66,66,66,66,66,66,66,66,66,66,66,1,2,3,5,5,5,5,5,5
ZZZZZ1B5,井上哲士,61,6,66,0,4,5,5,5,5,2,2,5,99,5,1,1,5,5,5,1,1,5,5,99,5,5,5,2,5,5,66,66,66,66,66,66,66,66,66,66,66,66,66,66,66,66,1,1,1,5,5,5,5,5,5
ZZZZZ1BJ,仁比聡平,55,6,66,0,4,5,5,5,5,2,3,5,3,5,1,1,5,5,5,1,1,4,5,3,5,5,5,3,5,5,66,66,66,66,66,66,66,66,66,66,66,66,66,66,66,66,1,1,2,4,5,5,5,5,5
00001NHE,梅村早江子,55,6,66,0,1,5,5,5,5,2,3,5,3,5,1,1,5,5,5,1,1,4,5,3,5,5,5,3,5,5,66,66,66,66,66,66,66,66,66,66,66,66,66,66,66,66,1,1,2,4,5,5,5,5,5
0000215I,椎葉寿幸,42,6,66,0,1,5,5,5,5,2,3,5,3,5,1,1,5,5,5,1,1,4,5,3,5,5,5,3,5,5,66,66,66,66,66,66,66,66,66,66,66,66,66,66,66,66,1,1,1,5,5,5,5,5,5
ZZZZZAAP,青山了介,44,6,66,0,1,5,5,5,5,3,2,4,3,5,1,1,3,5,5,2,1,5,5,3,5,5,4,4,5,5,66,66,66,66,66,66,66,66,66,66,66,66,66,66,66,66,1,1,3,3,5,5,5,5,5
00001QZR,有坂ちひろ,44,6,66,0,1,5,5,5,5,3,3,5,5,4,1,1,3,5,5,1,1,5,5,3,5,5,5,5,5,5,66,66,66,66,66,66,66,66,66,66,66,66,66,66,66,66,1,1,1,3,5,5,5,5,5
2187,伊藤達也,36,6,66,0,1,5,5,4,5,3,1,5,3,5,1,1,3,5,5,1,1,5,5,3,5,5,5,5,5,5,66,66,66,66,66,66,66,66,66,66,66,66,66,66,66,66,1,1,1,5,5,5,5,5,5
ZZZZZ4PG,伊藤理智子,58,6,66,0,1,5,5,5,5,2,3,5,3,5,1,1,3,5,4,1,1,5,5,3,5,5,5,4,5,5,66,66,66,66,66,66,66,66,66,66,66,66,66,66,66,66,1,1,1,5,5,5,5,5,5
000027DP,大野聖美,34,6,66,0,1,5,5,4,5,2,3,5,3,5,1,1,3,4,4,1,1,4,4,3,5,5,5,3,5,5,66,66,66,66,66,66,66,66,66,66,66,66,66,66,66,66,1,1,1,3,5,5,5,5,5
ZZZZZ13G,鎌野祥二,51,6,66,0,1,5,5,5,5,2,3,5,3,5,1,1,5,5,5,1,1,4,5,3,5,5,5,3,5,5,66,66,66,66,66,66,66,66,66,66,66,66,66,66,66,66,1,1,1,5,5,5,5,5,5
00001NO5,小久保剛志,44,6,66,0,1,5,5,5,5,2,3,5,3,5,1,1,5,5,5,1,1,4,5,3,5,5,5,3,5,5,66,66,66,66,66,66,66,66,66,66,66,66,66,66,66,66,1,1,2,4,5,5,5,5,5
00002GE6,佐藤ちひろ,39,6,66,0,1,5,5,5,5,2,3,5,3,5,1,1,5,5,5,1,1,4,5,3,5,5,5,3,5,5,66,66,66,66,66,66,66,66,66,66,66,66,66,66,66,66,1,1,2,5,5,5,5,5,5
00002GET,島袋恵祐,32,6,66,0,1,5,5,5,5,3,1,5,3,5,1,1,1,5,5,1,5,3,5,3,5,5,5,3,3,5,66,66,66,66,66,66,66,66,66,66,66,66,66,66,66,66,1,1,1,5,5,5,5,5,5
00001SHT,下奥奈歩,32,6,66,0,1,5,5,5,5,2,3,5,3,5,1,1,5,5,5,1,1,4,5,3,5,5,5,3,5,5,66,66,66,66,66,66,66,66,66,66,66,66,66,66,66,66,1,1,2,4,5,5,5,5,5
00002GFW,住寄聡美,36,6,66,0,1,5,5,5,5,2,1,5,4,5,1,1,3,5,5,1,1,5,5,2,5,5,5,5,5,5,66,66,66,66,66,66,66,66,66,66,66,66,66,66,66,66,2,2,2,4,5,5,5,5,5
00001PCJ,田辺健一,38,6,66,0,1,5,5,5,5,1,3,5,4,5,1,1,5,5,5,1,1,3,3,3,5,5,5,3,5,5,66,66,66,66,66,66,66,66,66,66,66,66,66,66,66,66,1,3,1,5,5,5,5,5,5
00001RMX,沼上徳光,33,6,66,0,1,5,5,5,5,2,3,5,3,5,1,1,5,5,5,1,1,4,5,3,5,5,5,3,5,5,66,66,66,66,66,66,66,66,66,66,66,66,66,66,66,66,1,1,1,5,5,5,5,5,5
00001RKM,原純子,54,6,66,0,1,5,5,5,5,2,3,5,3,5,1,1,5,5,5,1,1,4,5,3,5,5,5,3,5,5,66,66,66,66,66,66,66,66,66,66,66,66,66,66,66,66,1,1,1,5,5,5,5,5,5
00001U3J,藤本友里,40,6,66,0,1,5,5,5,5,3,5,5,3,5,99,1,99,5,5,1,1,99,5,1,5,5,5,99,5,5,66,66,66,66,66,66,66,66,66,66,66,66,66,66,66,66,1,3,99,99,5,5,5,5,5
ZZZZZ5EX,舩山由美,51,6,66,0,1,5,5,5,5,2,3,5,3,5,1,1,5,5,5,1,1,4,5,3,5,5,5,3,5,5,66,66,66,66,66,66,66,66,66,66,66,66,66,66,66,66,1,1,1,5,5,4,5,4,5
ZZZZZ4M3,松崎真琴,61,6,66,0,1,5,5,5,5,3,3,5,2,5,1,1,3,5,5,1,1,5,5,2,5,5,5,5,5,5,66,66,66,66,66,66,66,66,66,66,66,66,66,66,66,66,1,1,1,3,5,5,5,5,5
ZZZZZ0QZ,山本千代子,70,6,66,0,1,5,5,5,5,2,3,5,4,5,1,3,5,5,5,1,1,5,5,3,5,5,4,5,5,5,66,66,66,66,66,66,66,66,66,66,66,66,66,66,66,66,2,4,3,2,5,5,5,5,5
00002DD7,山本訓子,33,6,66,0,1,5,5,5,5,1,1,4,3,5,1,1,2,5,5,1,1,3,4,3,5,5,4,3,4,5,66,66,66,66,66,66,66,66,66,66,66,66,66,66,66,66,1,1,3,3,5,5,5,5,5
ZZZZZ0O4,室井邦彦,72,7,66,0,4,1,3,2,4,4,3,1,2,2,2,3,2,3,3,3,3,3,1,1,4,2,1,2,3,1,0,0,0,0,0,0,1,0,0,0,1,1,0,0,0,0,99,99,99,99,4,1,2,1,5
00001PO9,藤巻健史,69,7,66,0,4,1,3,2,4,4,5,1,3,2,2,3,2,3,2,3,3,5,1,1,3,2,1,5,5,1,99,99,99,99,99,99,99,99,99,99,99,99,99,99,99,99,99,99,99,99,5,1,2,1,5
00001A9S,山口和之,63,7,66,0,4,3,3,3,4,4,3,2,2,3,1,2,1,3,3,3,2,3,1,1,4,3,2,2,3,2,99,99,99,99,99,99,99,99,99,99,99,99,99,99,99,99,99,99,99,99,3,2,2,2,5
ZZZZZ0VY,鈴木宗男,71,7,66,0,1,1,3,2,4,4,3,1,2,2,2,3,2,3,3,3,3,3,1,1,4,2,1,2,3,1,1,0,0,0,0,0,1,0,0,0,0,0,0,0,0,0,3,3,3,3,4,1,2,1,5
000011LE,梅村聡,44,7,66,0,2,2,3,3,3,2,2,2,3,3,3,5,2,2,2,4,3,2,3,3,3,4,2,2,2,2,1,1,0,0,0,0,0,0,0,0,0,1,0,0,0,0,5,5,4,3,2,2,3,3,3
ZZZZZ2SQ,柴田巧,58,7,66,0,3,1,3,2,4,4,3,1,2,2,2,3,2,3,3,3,3,3,1,1,4,2,1,2,3,1,99,99,99,99,99,99,99,99,99,99,99,99,99,99,99,99,99,99,99,99,4,1,2,1,5
ZZZZZ0Q7,空本誠喜,55,7,66,0,1,3,4,2,3,1,1,4,3,3,1,4,2,3,4,2,4,3,2,5,5,3,3,4,4,1,0,0,1,0,0,0,0,1,0,0,0,0,0,0,0,1,4,5,2,2,4,3,4,3,5
00001CKL,荒木大樹,48,7,66,0,1,2,3,4,3,2,1,1,4,5,1,1,3,5,5,5,1,1,2,3,5,5,4,3,1,1,0,0,0,0,0,0,1,0,1,0,1,1,0,0,0,1,1,1,1,3,4,3,4,2,5
00001UDI,岩渕美智子,63,7,66,0,1,3,3,3,3,3,3,2,3,3,3,3,3,3,3,3,3,4,2,3,3,3,2,3,3,1,0,0,0,0,0,0,1,0,0,0,0,1,0,0,0,1,3,3,3,3,4,3,3,3,4
00002D0I,奥田真理,36,7,66,0,1,3,3,4,4,2,3,3,3,3,4,4,4,3,2,2,4,3,3,4,4,3,3,3,3,2,0,0,0,0,0,0,1,0,0,0,0,0,0,0,0,0,3,3,3,3,3,2,3,3,4
ZZZZZ4RK,串田久子,53,7,66,0,1,0,0,0,0,0,0,0,0,0,0,0,0,0,0,0,0,0,0,0,0,0,0,0,0,0,0,0,0,0,0,0,0,0,0,0,0,0,0,0,0,0,0,0,0,0,0,0,0,0,0
00002GIB,桑原久美子,33,7,66,0,1,2,3,2,2,3,4,1,2,2,1,1,2,1,2,5,2,4,1,1,5,2,2,4,3,1,1,0,0,0,0,0,1,0,1,0,0,1,1,0,0,0,1,3,2,3,4,2,4,4,5
00001TLB,森口あゆみ,54,7,66,0,1,3,3,3,2,3,1,1,4,4,1,4,3,3,4,3,1,2,3,1,5,4,2,2,2,1,0,0,1,1,1,0,1,0,1,0,1,1,1,1,1,0,3,3,3,2,4,3,5,5,5
00000V4H,柳ケ瀬裕文,44,7,66,0,1,1,3,2,2,4,4,1,2,2,2,3,2,3,3,3,3,3,1,1,5,1,1,5,4,2,0,0,0,0,0,0,1,0,0,0,1,0,0,0,0,0,2,3,3,3,4,1,2,1,5
ZZZZZ4I9,吉田忠智,63,9,66,0,3,5,5,5,5,2,2,5,2,5,1,1,1,5,5,1,1,4,5,3,5,5,3,3,4,5,66,66,66,66,66,66,66,66,66,66,66,66,66,66,66,66,1,1,1,3,5,5,5,5,5
000021P2,仲村未央,47,9,66,0,1,5,5,5,5,2,2,5,1,5,1,1,1,5,5,1,1,4,5,3,5,5,5,3,3,5,66,66,66,66,66,66,66,66,66,66,66,66,66,66,66,66,1,1,1,4,5,5,5,5,5
00002G96,大椿裕子,45,9,66,0,1,5,5,5,4,3,2,4,3,5,1,1,2,5,5,2,1,3,5,3,5,5,4,3,4,5,66,66,66,66,66,66,66,66,66,66,66,66,66,66,66,66,3,3,3,5,5,5,5,5,5
0000195Z,矢野敦子,51,9,66,0,1,5,5,5,5,2,2,5,1,5,1,1,1,5,5,1,1,4,5,3,5,5,5,5,5,5,66,66,66,66,66,66,66,66,66,66,66,66,66,66,66,66,1,1,1,4,5,5,5,5,5
00002GJI,舩後靖彦,61,10,66,0,1,5,5,5,5,1,1,5,3,5,1,1,1,5,5,1,1,1,5,3,5,5,5,1,1,3,66,66,66,66,66,66,66,66,66,66,66,66,66,66,66,66,1,1,1,5,4,5,5,5,5
00002GIC,木村英子,54,10,66,0,1,0,0,0,0,0,0,0,0,0,0,0,0,0,0,0,0,0,0,0,0,0,0,0,0,0,0,0,0,0,0,0,0,0,0,0,0,0,0,0,0,0,0,0,0,0,0,0,0,0,0
00001O7F,山本太郎,44,10,66,0,4,5,5,5,5,1,1,5,5,5,1,1,1,5,5,1,1,1,5,3,5,5,5,1,1,3,66,66,66,66,66,66,66,66,66,66,66,66,66,66,66,66,1,1,1,5,4,5,5,5,5
00002GJG,蓮池透,64,10,66,0,1,5,5,5,5,1,1,3,5,5,1,1,1,5,5,2,1,1,1,1,5,5,5,1,3,5,66,66,66,66,66,66,66,66,66,66,66,66,66,66,66,66,1,1,1,3,5,5,5,5,5
00002ASM,安冨歩,56,10,66,0,1,0,0,0,0,0,0,0,0,0,0,0,0,0,0,0,0,0,0,0,0,0,0,0,0,0,0,0,0,0,0,0,0,0,0,0,0,0,0,0,0,0,0,0,0,0,0,0,0,0,0
00002GJ2,三井義文,62,10,66,0,1,0,0,0,0,0,0,0,0,0,0,0,0,0,0,0,0,0,0,0,0,0,0,0,0,0,0,0,0,0,0,0,0,0,0,0,0,0,0,0,0,0,0,0,0,0,0,0,0,0,0
00002GJ8,辻村千尋,51,10,66,0,1,5,5,5,5,1,1,5,5,5,1,1,1,5,5,1,1,1,5,3,5,5,5,1,1,3,66,66,66,66,66,66,66,66,66,66,66,66,66,66,66,66,1,1,1,5,4,5,5,5,5
000027BJ,大西恒樹,55,10,66,0,1,5,5,5,5,2,1,3,4,5,1,4,1,5,5,1,1,1,4,2,5,5,5,1,1,4,66,66,66,66,66,66,66,66,66,66,66,66,66,66,66,66,3,3,3,3,5,5,5,5,5
00002GJJ,渡辺照子,60,10,66,0,1,0,0,0,0,0,0,0,0,0,0,0,0,0,0,0,0,0,0,0,0,0,0,0,0,0,0,0,0,0,0,0,0,0,0,0,0,0,0,0,0,0,0,0,0,0,0,0,0,0,0
00001O31,釈量子,49,11,66,0,1,1,2,2,1,2,2,2,2,4,4,5,3,2,2,1,5,3,1,3,5,2,2,2,2,1,1,1,0,0,0,0,0,0,1,0,0,0,0,0,0,1,3,4,4,2,3,2,2,2,3
000019VM,松島弘典,62,11,66,0,1,1,1,1,1,1,2,1,2,5,5,5,3,1,1,1,5,3,1,3,5,1,1,1,1,1,1,1,0,0,0,0,0,0,1,0,0,0,0,1,0,0,3,5,5,1,4,5,5,5,5
00001O06,及川幸久,59,11,66,0,1,1,3,3,3,3,4,3,3,99,3,3,3,2,3,3,5,3,1,3,5,3,3,2,3,1,1,0,0,0,0,0,0,0,1,0,0,0,0,0,0,0,3,3,3,3,5,4,5,4,4
00001O4H,立花孝志,51,13,66,0,1,3,3,3,3,3,3,3,3,3,3,3,3,3,3,3,3,3,3,3,3,3,3,3,3,3,66,66,66,66,66,66,66,66,66,66,66,66,66,66,66,66,3,3,3,3,3,3,3,3,3
00002D4N,浜田聡,42,13,66,0,1,1,3,1,5,1,1,3,4,3,3,3,5,2,3,4,5,1,2,5,5,3,3,1,1,2,0,0,0,0,0,0,0,1,0,0,0,0,0,0,0,0,3,5,5,1,1,2,2,2,3
00001V80,岡本介伸,48,13,66,0,1,3,3,3,4,3,2,3,5,5,3,3,3,3,4,2,3,3,4,2,5,5,3,2,3,3,66,66,66,66,66,66,66,66,66,66,66,66,66,66,66,66,3,3,3,3,4,4,5,4,5
00002EMK,熊丸英治,49,13,66,0,1,1,2,3,3,2,3,2,2,5,1,1,1,3,2,4,5,2,1,2,1,2,3,3,1,1,1,0,0,1,0,1,0,1,1,0,0,1,1,0,0,0,2,2,2,2,2,2,3,3,3
00002GD1,伊藤恵子,72,12,66,0,1,5,3,5,2,3,5,2,2,5,1,2,2,5,5,4,4,5,3,2,5,5,3,3,4,2,0,0,0,0,0,0,0,0,0,0,0,0,0,0,0,1,2,2,3,5,5,5,5,5,5
00002GAB,林紘義,80,12,66,0,1,5,5,5,4,2,4,3,1,5,1,1,4,4,4,4,2,5,4,3,5,5,3,5,5,1,0,0,0,0,0,0,0,0,0,0,0,0,0,0,0,1,2,2,5,5,5,5,5,5,5
00002G8A,菊池里志,77,12,66,0,1,5,5,3,3,3,4,2,2,5,1,2,4,4,4,4,2,5,2,1,5,4,4,5,5,1,0,0,0,0,0,0,0,0,0,0,0,0,0,0,0,1,1,1,5,5,5,5,5,5,5
00002G8I,吉村二三男,65,12,66,0,1,5,3,5,3,3,5,3,3,5,1,1,5,5,5,5,1,5,3,1,5,5,1,5,5,1,0,0,0,0,0,0,0,0,0,0,0,0,0,0,0,1,2,2,5,5,5,5,5,5,5
000027GA,黒川敦彦,40,15,66,0,1,4,5,5,5,5,1,4,5,5,1,1,1,5,4,2,1,3,4,4,5,3,2,2,2,3,66,66,66,66,66,66,66,66,66,66,66,66,66,66,66,66,1,1,2,3,5,5,4,5,5
000004RB,天木直人,72,15,66,0,1,3,4,4,2,1,3,4,4,3,3,4,2,5,5,4,1,5,4,4,5,5,2,3,3,5,66,66,66,66,66,66,66,66,66,66,66,66,66,66,66,66,1,1,1,1,2,5,5,5,5
00001V5X,小川学,56,15,66,0,1,3,5,2,4,4,3,2,5,4,3,3,2,3,5,2,1,5,2,2,5,5,4,3,3,5,66,66,66,66,66,66,66,66,66,66,66,66,66,66,66,66,2,2,2,3,2,3,5,3,5
00001CKH,若林亜紀,53,15,66,0,1,4,4,4,2,4,5,1,4,4,1,1,1,5,4,4,2,5,3,1,5,1,2,5,5,5,66,66,66,66,66,66,66,66,66,66,66,66,66,66,66,66,2,2,2,2,4,4,4,2,5
00001A44,佐野秀光,48,16,66,0,1,3,3,3,3,3,3,3,3,3,3,3,3,3,3,3,3,3,3,3,3,3,3,3,3,3,66,66,66,66,66,66,66,66,66,66,66,66,66,66,66,66,3,3,3,3,3,3,3,3,3